"Study Area","Transect Name","Point Id","Event Date","Vegetation Type","USDA Code","Percent Cover","Height"
SMA-11-01,TOKA,TOKA-006,2018-04-19,grassesAndForbs,ACMI2,,
SMA-11-01,TOKA,TOKA-006,2018-04-19,grassesAndForbs,ANAR,,
SMA-11-01,TOKA,TOKA-006,2018-04-19,grassesAndForbs,AVBA,,
SMA-11-01,TOKA,TOKA-006,2018-04-19,shrubs,BAPI,12,100
SMA-11-01,TOKA,TOKA-006,2018-04-19,grassesAndForbs,BRDI2,,
SMA-11-01,TOKA,TOKA-006,2018-04-19,grassesAndForbs,CAOV4,,
SMA-11-01,TOKA,TOKA-006,2018-04-19,grassesAndForbs,CASU6,,
SMA-11-01,TOKA,TOKA-006,2018-04-19,grassesAndForbs,CATU3,,
SMA-11-01,TOKA,TOKA-006,2018-04-19,grassesAndForbs,CIVU,,
SMA-11-01,TOKA,TOKA-006,2018-04-19,grassesAndForbs,HYRA3,,
SMA-11-01,TOKA,TOKA-006,2018-04-19,grassesAndForbs,JUOC2,,
SMA-11-01,TOKA,TOKA-006,2018-04-19,grassesAndForbs,NAPU4,,
SMA-11-01,TOKA,TOKA-006,2018-04-19,grassesAndForbs,PLLA,,
SMA-11-01,TOKA,TOKA-006,2018-04-19,shrubs,RUUR,1,50
SMA-11-01,TOKA,TOKA-006,2018-04-19,grassesAndForbs,SIBE,,
SMA-11-01,TOKA,TOKA-006,2018-04-19,grassesAndForbs,SOAS,,
SMA-11-01,TOKA,TOKA-006,2018-04-19,shrubs,TODI,1,50
SMA-11-01,TOKA,TOKA-006,2018-04-19,grassesAndForbs,TRDU2,,
SMA-11-01,TOKA,TOKA-006,2018-04-19,grassesAndForbs,TRSU3,,
SMA-11-01,TOKA,TOKA-006,2018-04-19,grassesAndForbs,VISA,,
SMA-11-01,TOKA,TOKA-006,2018-04-19,grassesAndForbs,VITE,,
SMA-11-01,TOKA,TOKA-007,2016-05-25,shrubs,BAPI,15,
SMA-11-01,TOKA,TOKA-007,2016-05-25,grassesAndForbs,BRMI2,0,
SMA-11-01,TOKA,TOKA-007,2016-05-25,shrubs,DIAUA,1,
SMA-11-01,TOKA,TOKA-007,2016-05-25,grassesAndForbs,GALIU,,
SMA-11-01,TOKA,TOKA-007,2016-05-25,grassesAndForbs,GEDI,0,
SMA-11-01,TOKA,TOKA-007,2016-05-25,grassesAndForbs,HOCA3,0,
SMA-11-01,TOKA,TOKA-007,2016-05-25,shrubs,HODI,1,
SMA-11-01,TOKA,TOKA-007,2016-05-25,grassesAndForbs,PAVI3,0,
SMA-11-01,TOKA,TOKA-007,2016-05-25,grassesAndForbs,PTAQ,0,
SMA-11-01,TOKA,TOKA-007,2016-05-25,grassesAndForbs,RUAC3,0,
SMA-11-01,TOKA,TOKA-007,2016-05-25,shrubs,RUUR,1,
SMA-11-01,TOKA,TOKA-007,2016-05-25,grassesAndForbs,SCCA2,0,
SMA-11-01,TOKA,TOKA-007,2016-05-25,shrubs,TODI,3,
SMA-11-01,TOKA,TOKA-007,2016-05-25,grassesAndForbs,TRAN6,0,
SMA-11-01,TOKA,TOKA-007,2016-05-25,grassesAndForbs,TRHI4,0,
SMA-11-01,TOKA,TOKA-007,2016-05-25,grassesAndForbs,VISA,0,
SMA-11-01,TOKA,TOKA-007,2016-05-25,grassesAndForbs,VIVI,0,
SMA-11-01,TOKA,TOKA-007,2018-04-19,shrubs,BAPI,15,100
SMA-11-01,TOKA,TOKA-007,2018-04-19,grassesAndForbs,CAOV4,,
SMA-11-01,TOKA,TOKA-007,2018-04-19,shrubs,DIAU,1,100
SMA-11-01,TOKA,TOKA-007,2018-04-19,trees,EUGL,1,7
SMA-11-01,TOKA,TOKA-007,2018-04-19,grassesAndForbs,LOCO6,,
SMA-11-01,TOKA,TOKA-007,2018-04-19,shrubs,LOIN5,1,100
SMA-11-01,TOKA,TOKA-007,2018-04-19,grassesAndForbs,PETR7,,
SMA-11-01,TOKA,TOKA-007,2018-04-19,trees,PIRA2,7,5
SMA-11-01,TOKA,TOKA-007,2018-04-19,grassesAndForbs,RORO,,
SMA-11-01,TOKA,TOKA-007,2018-04-19,grassesAndForbs,RUUR,,
SMA-11-01,TOKA,TOKA-007,2018-04-19,grassesAndForbs,SCAR7,,
SMA-11-01,TOKA,TOKA-007,2018-04-19,grassesAndForbs,SIBE,,
SMA-11-01,TOKA,TOKA-007,2018-04-19,shrubs,TODI,5,75
SMA-11-01,TOKA,TOKA-007,2018-04-19,grassesAndForbs,VISA,,
SMA-11-01,TOKA,TOKA-007,2018-04-19,grassesAndForbs,VITE,,
SMA-11-01,TOKA,TOKA-013,2018-06-01,grassesAndForbs,ACMI2,,
SMA-11-01,TOKA,TOKA-013,2018-06-01,grassesAndForbs,AICA,,
SMA-11-01,TOKA,TOKA-013,2018-06-01,grassesAndForbs,ANAR,,
SMA-11-01,TOKA,TOKA-013,2018-06-01,grassesAndForbs,ANTO,,
SMA-11-01,TOKA,TOKA-013,2018-06-01,grassesAndForbs,ARDO3,,
SMA-11-01,TOKA,TOKA-013,2018-06-01,shrubs,BAPI,60,150
SMA-11-01,TOKA,TOKA-013,2018-06-01,grassesAndForbs,BRMI2,,
SMA-11-01,TOKA,TOKA-013,2018-06-01,grassesAndForbs,CAPY2,,
SMA-11-01,TOKA,TOKA-013,2018-06-01,grassesAndForbs,CIVU,,
SMA-11-01,TOKA,TOKA-013,2018-06-01,grassesAndForbs,ELGL,,
SMA-11-01,TOKA,TOKA-013,2018-06-01,grassesAndForbs,ESCA2,,
SMA-11-01,TOKA,TOKA-013,2018-06-01,grassesAndForbs,HEMA80,,
SMA-11-01,TOKA,TOKA-013,2018-06-01,grassesAndForbs,HYGL2,,
SMA-11-01,TOKA,TOKA-013,2018-06-01,grassesAndForbs,JUPA2,,
SMA-11-01,TOKA,TOKA-013,2018-06-01,grassesAndForbs,LOCO6,,
SMA-11-01,TOKA,TOKA-013,2018-06-01,grassesAndForbs,LOPEM2,,
SMA-11-01,TOKA,TOKA-013,2018-06-01,grassesAndForbs,MAFA3,,
SMA-11-01,TOKA,TOKA-013,2018-06-01,grassesAndForbs,PHAQ,,
SMA-11-01,TOKA,TOKA-013,2018-06-01,grassesAndForbs,POGLG4,,
SMA-11-01,TOKA,TOKA-013,2018-06-01,grassesAndForbs,PSEUD43,,
SMA-11-01,TOKA,TOKA-013,2018-06-01,grassesAndForbs,PTAQ,,
SMA-11-01,TOKA,TOKA-013,2018-06-01,shrubs,RUUR,30,50
SMA-11-01,TOKA,TOKA-013,2018-06-01,grassesAndForbs,SIBE,,
SMA-11-01,TOKA,TOKA-013,2018-06-01,grassesAndForbs,SOAS,,
SMA-11-01,TOKA,TOKA-013,2018-06-01,grassesAndForbs,SYCH4,,
SMA-11-01,TOKA,TOKA-013,2018-06-01,shrubs,TODI,30,75
SMA-11-01,TOKA,TOKA-013,2018-06-01,grassesAndForbs,VELA,,
SMA-11-01,TOKA,TOKA-013,2018-06-01,grassesAndForbs,VISA,,
SMA-11-01,TOKA,TOKA-013,2018-06-01,grassesAndForbs,VIVI,,
SMA-11-01,TOKA,TOKA-016,2016-05-25,grassesAndForbs,AICA,0,
SMA-11-01,TOKA,TOKA-016,2016-05-25,grassesAndForbs,ANAR,0,
SMA-11-01,TOKA,TOKA-016,2016-05-25,shrubs,BAPI,7,
SMA-11-01,TOKA,TOKA-016,2016-05-25,grassesAndForbs,BETR,0,
SMA-11-01,TOKA,TOKA-016,2016-05-25,grassesAndForbs,BRMI2,0,
SMA-11-01,TOKA,TOKA-016,2016-05-25,grassesAndForbs,CAPY2,0,
SMA-11-01,TOKA,TOKA-016,2016-05-25,grassesAndForbs,ELGL,0,
SMA-11-01,TOKA,TOKA-016,2016-05-25,grassesAndForbs,HOLA,0,
SMA-11-01,TOKA,TOKA-016,2016-05-25,grassesAndForbs,LATI,0,
SMA-11-01,TOKA,TOKA-016,2016-05-25,grassesAndForbs,PSCA13,0,
SMA-11-01,TOKA,TOKA-016,2016-05-25,grassesAndForbs,RUAC3,0,
SMA-11-01,TOKA,TOKA-016,2016-05-25,shrubs,RUUR,1,
SMA-11-01,TOKA,TOKA-016,2016-05-25,grassesAndForbs,SANIC,0,
SMA-11-01,TOKA,TOKA-016,2016-05-25,grassesAndForbs,SIBE,0,
SMA-11-01,TOKA,TOKA-016,2016-05-25,grassesAndForbs,TRAN6,0,
SMA-11-01,TOKA,TOKA-016,2016-05-25,grassesAndForbs,TRDU2,0,
SMA-11-01,TOKA,TOKA-016,2016-05-25,grassesAndForbs,TRHI4,0,
SMA-11-01,TOKA,TOKA-016,2016-05-25,grassesAndForbs,VISA,0,
SMA-11-01,TOKA,TOKA-016,2016-05-25,grassesAndForbs,VITE,0,
SMA-11-01,TOKA,TOKA-016,2016-05-25,grassesAndForbs,VIVI,0,
SMA-11-01,TOKA,TOKA-016,2018-04-19,grassesAndForbs,JUNCU,,
SMA-11-01,TOKA,TOKA-016,2018-04-19,grassesAndForbs,ANAR,,
SMA-11-01,TOKA,TOKA-016,2018-04-19,shrubs,BAPI,25,75
SMA-11-01,TOKA,TOKA-016,2018-04-19,grassesAndForbs,BETR,,
SMA-11-01,TOKA,TOKA-016,2018-04-19,grassesAndForbs,BRCA5,,
SMA-11-01,TOKA,TOKA-016,2018-04-19,grassesAndForbs,CAOV4,,
SMA-11-01,TOKA,TOKA-016,2018-04-19,grassesAndForbs,CIVU,,
SMA-11-01,TOKA,TOKA-016,2018-04-19,grassesAndForbs,CRVET,,
SMA-11-01,TOKA,TOKA-016,2018-04-19,shrubs,DIAU,1,50
SMA-11-01,TOKA,TOKA-016,2018-04-19,grassesAndForbs,ELGL,,
SMA-11-01,TOKA,TOKA-016,2018-04-19,grassesAndForbs,FRVE,,
SMA-11-01,TOKA,TOKA-016,2018-04-19,grassesAndForbs,GEDI,,
SMA-11-01,TOKA,TOKA-016,2018-04-19,grassesAndForbs,HOCA3,,
SMA-11-01,TOKA,TOKA-016,2018-04-19,grassesAndForbs,IRDO,,
SMA-11-01,TOKA,TOKA-016,2018-04-19,grassesAndForbs,MAFA3,,
SMA-11-01,TOKA,TOKA-016,2018-04-19,grassesAndForbs,OXALP,,
SMA-11-01,TOKA,TOKA-016,2018-04-19,grassesAndForbs,PHAQ,,
SMA-11-01,TOKA,TOKA-016,2018-04-19,trees,PSME,1,3
SMA-11-01,TOKA,TOKA-016,2018-04-19,grassesAndForbs,PTAQ,,
SMA-11-01,TOKA,TOKA-016,2018-04-19,grassesAndForbs,SIBE,,
SMA-11-01,TOKA,TOKA-016,2018-04-19,shrubs,TODI,1,20
SMA-11-01,TOKA,TOKA-016,2018-04-19,grassesAndForbs,TRAN6,,
SMA-11-01,TOKA,TOKA-016,2018-04-19,grassesAndForbs,VIAM,,
SMA-11-01,TOKA,TOKA-016,2018-04-19,grassesAndForbs,VISA,,
SMA-11-01,TOKA,TOKA-018,2016-06-27,grassesAndForbs,JUNCU,0,
SMA-11-01,TOKA,TOKA-018,2016-06-27,shrubs,BAPI,45,
SMA-11-01,TOKA,TOKA-018,2016-06-27,grassesAndForbs,BETR,0,
SMA-11-01,TOKA,TOKA-018,2016-06-27,grassesAndForbs,BRMI2,0,
SMA-11-01,TOKA,TOKA-018,2016-06-27,grassesAndForbs,CETE9,0,
SMA-11-01,TOKA,TOKA-018,2016-06-27,grassesAndForbs,CIVU,0,
SMA-11-01,TOKA,TOKA-018,2016-06-27,grassesAndForbs,ELGL,0,
SMA-11-01,TOKA,TOKA-018,2016-06-27,shrubs,EUGL,1,
SMA-11-01,TOKA,TOKA-018,2016-06-27,trees,EUGL,2,
SMA-11-01,TOKA,TOKA-018,2016-06-27,shrubs,MOCA6,1,
SMA-11-01,TOKA,TOKA-018,2016-06-27,grassesAndForbs,NAVAR,0,
SMA-11-01,TOKA,TOKA-018,2016-06-27,shrubs,RUUR,15,
SMA-11-01,TOKA,TOKA-018,2016-06-27,shrubs,TODI,28,
SMA-11-01,TOKA,TOKA-018,2016-06-27,grassesAndForbs,TRAN6,0,
SMA-11-01,TOKA,TOKA-018,2018-05-29,grassesAndForbs,AICA,,
SMA-11-01,TOKA,TOKA-018,2018-05-29,grassesAndForbs,AVBA,,
SMA-11-01,TOKA,TOKA-018,2018-05-29,grassesAndForbs,AVFA,,
SMA-11-01,TOKA,TOKA-018,2018-05-29,shrubs,BAPI,60,100
SMA-11-01,TOKA,TOKA-018,2018-05-29,grassesAndForbs,BETR,,
SMA-11-01,TOKA,TOKA-018,2018-05-29,grassesAndForbs,CASU6,,
SMA-11-01,TOKA,TOKA-018,2018-05-29,grassesAndForbs,COSE4,,
SMA-11-01,TOKA,TOKA-018,2018-05-29,grassesAndForbs,DAGL,,
SMA-11-01,TOKA,TOKA-018,2018-05-29,shrubs,DIAUA,2,100
SMA-11-01,TOKA,TOKA-018,2018-05-29,grassesAndForbs,ELGL,,
SMA-11-01,TOKA,TOKA-018,2018-05-29,trees,EUGL,5,25
SMA-11-01,TOKA,TOKA-018,2018-05-29,grassesAndForbs,GAUS,,
SMA-11-01,TOKA,TOKA-018,2018-05-29,shrubs,HODI,1,150
SMA-11-01,TOKA,TOKA-018,2018-05-29,grassesAndForbs,HOLA,,
SMA-11-01,TOKA,TOKA-018,2018-05-29,shrubs,LOINL,1,150
SMA-11-01,TOKA,TOKA-018,2018-05-29,grassesAndForbs,LYHY3,,
SMA-11-01,TOKA,TOKA-018,2018-05-29,grassesAndForbs,NALE2,,
SMA-11-01,TOKA,TOKA-018,2018-05-29,grassesAndForbs,PAVI3,,
SMA-11-01,TOKA,TOKA-018,2018-05-29,grassesAndForbs,PHAQ,,
SMA-11-01,TOKA,TOKA-018,2018-05-29,grassesAndForbs,PSEUD43,,
SMA-11-01,TOKA,TOKA-018,2018-05-29,trees,QUAG,1,5
SMA-11-01,TOKA,TOKA-018,2018-05-29,shrubs,RUUR,20,50
SMA-11-01,TOKA,TOKA-018,2018-05-29,shrubs,SALIX,2,150
SMA-11-01,TOKA,TOKA-018,2018-05-29,grassesAndForbs,SOAS,,
SMA-11-01,TOKA,TOKA-018,2018-05-29,shrubs,TODI,20,75
SMA-11-01,TOKA,TOKA-022,2018-04-17,grassesAndForbs,ACMI2,,
SMA-11-01,TOKA,TOKA-022,2018-04-17,grassesAndForbs,ANAR,,
SMA-11-01,TOKA,TOKA-022,2018-04-17,shrubs,BAPI,15,50
SMA-11-01,TOKA,TOKA-022,2018-04-17,grassesAndForbs,BRCA5,,
SMA-11-01,TOKA,TOKA-022,2018-04-17,grassesAndForbs,BRMI2,,
SMA-11-01,TOKA,TOKA-022,2018-04-17,grassesAndForbs,CAOV4,,
SMA-11-01,TOKA,TOKA-022,2018-04-17,grassesAndForbs,COMA2,,
SMA-11-01,TOKA,TOKA-022,2018-04-17,grassesAndForbs,ESCA2,,
SMA-11-01,TOKA,TOKA-022,2018-04-17,grassesAndForbs,HECR2,,
SMA-11-01,TOKA,TOKA-022,2018-04-17,grassesAndForbs,HYGL2,,
SMA-11-01,TOKA,TOKA-022,2018-04-17,grassesAndForbs,LOCO6,,
SMA-11-01,TOKA,TOKA-022,2018-04-17,grassesAndForbs,MADI6,,
SMA-11-01,TOKA,TOKA-022,2018-04-17,grassesAndForbs,MEPO3,,
SMA-11-01,TOKA,TOKA-022,2018-04-17,grassesAndForbs,PHAQ,,
SMA-11-01,TOKA,TOKA-022,2018-04-17,trees,PIRA2,1,5
SMA-11-01,TOKA,TOKA-022,2018-04-17,grassesAndForbs,PLER3,,
SMA-11-01,TOKA,TOKA-022,2018-04-17,grassesAndForbs,SACR2,,
SMA-11-01,TOKA,TOKA-022,2018-04-17,grassesAndForbs,SIBE,,
SMA-11-01,TOKA,TOKA-022,2018-04-17,grassesAndForbs,SOAS,,
SMA-11-01,TOKA,TOKA-022,2018-04-17,shrubs,TODI,1,20
SMA-11-01,TOKA,TOKA-022,2018-04-17,grassesAndForbs,TRHI4,,
SMA-11-01,TOKA,TOKA-022,2018-04-17,grassesAndForbs,TRSU3,,
SMA-11-01,TOKA,TOKA-022,2018-04-17,grassesAndForbs,VIVI,,
SMA-11-01,TOKA,TOKA-022,2018-04-17,grassesAndForbs,WYHE,,
SMA-11-01,TOKA,TOKA-029,2016-06-15,grassesAndForbs,ACMI2,0,
SMA-11-01,TOKA,TOKA-029,2016-06-15,grassesAndForbs,ANAR,0,
SMA-11-01,TOKA,TOKA-029,2016-06-15,grassesAndForbs,ANCO2,0,
SMA-11-01,TOKA,TOKA-029,2016-06-15,grassesAndForbs,ARDO3,0,
SMA-11-01,TOKA,TOKA-029,2016-06-15,shrubs,BAPI,60,
SMA-11-01,TOKA,TOKA-029,2016-06-15,grassesAndForbs,BETR,0,
SMA-11-01,TOKA,TOKA-029,2016-06-15,grassesAndForbs,BRCA6,0,
SMA-11-01,TOKA,TOKA-029,2016-06-15,grassesAndForbs,BRHO2,0,
SMA-11-01,TOKA,TOKA-029,2016-06-15,grassesAndForbs,BRMI2,0,
SMA-11-01,TOKA,TOKA-029,2016-06-15,grassesAndForbs,CETE9,0,
SMA-11-01,TOKA,TOKA-029,2016-06-15,grassesAndForbs,CIVU,0,
SMA-11-01,TOKA,TOKA-029,2016-06-15,grassesAndForbs,CLDO2,0,
SMA-11-01,TOKA,TOKA-029,2016-06-15,grassesAndForbs,COMA2,0,
SMA-11-01,TOKA,TOKA-029,2016-06-15,grassesAndForbs,DAGL,0,
SMA-11-01,TOKA,TOKA-029,2016-06-15,grassesAndForbs,GEDI,0,
SMA-11-01,TOKA,TOKA-029,2016-06-15,shrubs,HODI,1,
SMA-11-01,TOKA,TOKA-029,2016-06-15,grassesAndForbs,HOLA,0,
SMA-11-01,TOKA,TOKA-029,2016-06-15,grassesAndForbs,HOMA2,0,
SMA-11-01,TOKA,TOKA-029,2016-06-15,grassesAndForbs,LASE,0,
SMA-11-01,TOKA,TOKA-029,2016-06-15,grassesAndForbs,LIUS,0,
SMA-11-01,TOKA,TOKA-029,2016-06-15,grassesAndForbs,LOGA2,0,
SMA-11-01,TOKA,TOKA-029,2016-06-15,grassesAndForbs,MASA,0,
SMA-11-01,TOKA,TOKA-029,2016-06-15,grassesAndForbs,PAVI3,0,
SMA-11-01,TOKA,TOKA-029,2016-06-15,grassesAndForbs,PIEC,0,
SMA-11-01,TOKA,TOKA-029,2016-06-15,trees,PSME,2,
SMA-11-01,TOKA,TOKA-029,2016-06-15,grassesAndForbs,PTAQ,0,
SMA-11-01,TOKA,TOKA-029,2016-06-15,grassesAndForbs,RUAC3,0,
SMA-11-01,TOKA,TOKA-029,2016-06-15,shrubs,RUUR,15,
SMA-11-01,TOKA,TOKA-029,2016-06-15,grassesAndForbs,SIBE,0,
SMA-11-01,TOKA,TOKA-029,2016-06-15,grassesAndForbs,SYCH4,0,
SMA-11-01,TOKA,TOKA-029,2016-06-15,shrubs,TODI,25,
SMA-11-01,TOKA,TOKA-029,2016-06-15,grassesAndForbs,TRDU2,0,
SMA-11-01,TOKA,TOKA-029,2016-06-15,grassesAndForbs,VELA,0,
SMA-11-01,TOKA,TOKA-029,2018-04-23,grassesAndForbs,ACMI2,,
SMA-11-01,TOKA,TOKA-029,2018-04-23,grassesAndForbs,ANAR,,
SMA-11-01,TOKA,TOKA-029,2018-04-23,grassesAndForbs,ARDO3,,
SMA-11-01,TOKA,TOKA-029,2018-04-23,shrubs,BAPI,55,150
SMA-11-01,TOKA,TOKA-029,2018-04-23,grassesAndForbs,BETR,,
SMA-11-01,TOKA,TOKA-029,2018-04-23,grassesAndForbs,BRCA5,,
SMA-11-01,TOKA,TOKA-029,2018-04-23,grassesAndForbs,CAOV4,,
SMA-11-01,TOKA,TOKA-029,2018-04-23,grassesAndForbs,CIVU,,
SMA-11-01,TOKA,TOKA-029,2018-04-23,grassesAndForbs,CLDO2,,
SMA-11-01,TOKA,TOKA-029,2018-04-23,grassesAndForbs,COMA2,,
SMA-11-01,TOKA,TOKA-029,2018-04-23,shrubs,COSE16,1,100
SMA-11-01,TOKA,TOKA-029,2018-04-23,grassesAndForbs,CRVET,,
SMA-11-01,TOKA,TOKA-029,2018-04-23,grassesAndForbs,DACA3,,
SMA-11-01,TOKA,TOKA-029,2018-04-23,grassesAndForbs,DAGL,,
SMA-11-01,TOKA,TOKA-029,2018-04-23,grassesAndForbs,ESCA2,,
SMA-11-01,TOKA,TOKA-029,2018-04-23,grassesAndForbs,FRVE,,
SMA-11-01,TOKA,TOKA-029,2018-04-23,grassesAndForbs,HOCA3,,
SMA-11-01,TOKA,TOKA-029,2018-04-23,shrubs,HODI,1,150
SMA-11-01,TOKA,TOKA-029,2018-04-23,grassesAndForbs,JUPA2,,
SMA-11-01,TOKA,TOKA-029,2018-04-23,grassesAndForbs,LOGA2,,
SMA-11-01,TOKA,TOKA-029,2018-04-23,grassesAndForbs,MEPO3,,
SMA-11-01,TOKA,TOKA-029,2018-04-23,grassesAndForbs,NALE2,,
SMA-11-01,TOKA,TOKA-029,2018-04-23,grassesAndForbs,POTEN,,
SMA-11-01,TOKA,TOKA-029,2018-04-23,grassesAndForbs,PSEUD43,,
SMA-11-01,TOKA,TOKA-029,2018-04-23,trees,PSME,6,12
SMA-11-01,TOKA,TOKA-029,2018-04-23,grassesAndForbs,PSRA5,,
SMA-11-01,TOKA,TOKA-029,2018-04-23,grassesAndForbs,PTAQ,,
SMA-11-01,TOKA,TOKA-029,2018-04-23,shrubs,RUUR,10,25
SMA-11-01,TOKA,TOKA-029,2018-04-23,grassesAndForbs,STACH,,
SMA-11-01,TOKA,TOKA-029,2018-04-23,grassesAndForbs,SYCH4,,
SMA-11-01,TOKA,TOKA-029,2018-04-23,shrubs,SYMO,1,20
SMA-11-01,TOKA,TOKA-029,2018-04-23,shrubs,TODI,25,100
SMA-11-01,TOKA,TOKA-029,2018-04-23,grassesAndForbs,TRAN6,,
SMA-11-01,TOKA,TOKA-029,2018-04-23,grassesAndForbs,TRDU2,,
SMA-11-01,TOKA,TOKA-029,2018-04-23,grassesAndForbs,VELA,,
SMA-11-01,TOKA,TOKA-029,2018-04-23,grassesAndForbs,VISA,,
SMA-11-01,TOKA,TOKA-030,2018-05-16,grassesAndForbs,JUNCU,,
SMA-11-01,TOKA,TOKA-030,2018-05-16,grassesAndForbs,ACMI2,,
SMA-11-01,TOKA,TOKA-030,2018-05-16,grassesAndForbs,AICA,,
SMA-11-01,TOKA,TOKA-030,2018-05-16,grassesAndForbs,ANAR,,
SMA-11-01,TOKA,TOKA-030,2018-05-16,shrubs,ARCA11,1,50
SMA-11-01,TOKA,TOKA-030,2018-05-16,grassesAndForbs,ARDO3,,
SMA-11-01,TOKA,TOKA-030,2018-05-16,shrubs,BAPI,26,175
SMA-11-01,TOKA,TOKA-030,2018-05-16,grassesAndForbs,BETR,,
SMA-11-01,TOKA,TOKA-030,2018-05-16,grassesAndForbs,BRCA6,,
SMA-11-01,TOKA,TOKA-030,2018-05-16,grassesAndForbs,BRMI2,,
SMA-11-01,TOKA,TOKA-030,2018-05-16,grassesAndForbs,CAPY2,,
SMA-11-01,TOKA,TOKA-030,2018-05-16,grassesAndForbs,CEME2,,
SMA-11-01,TOKA,TOKA-030,2018-05-16,grassesAndForbs,CRVET,,
SMA-11-01,TOKA,TOKA-030,2018-05-16,grassesAndForbs,DACA3,,
SMA-11-01,TOKA,TOKA-030,2018-05-16,grassesAndForbs,DAGL,,
SMA-11-01,TOKA,TOKA-030,2018-05-16,shrubs,DIAUA,1,75
SMA-11-01,TOKA,TOKA-030,2018-05-16,grassesAndForbs,ELGL,,
SMA-11-01,TOKA,TOKA-030,2018-05-16,grassesAndForbs,ERCI6,,
SMA-11-01,TOKA,TOKA-030,2018-05-16,grassesAndForbs,GAUS,,
SMA-11-01,TOKA,TOKA-030,2018-05-16,shrubs,HODI,1,75
SMA-11-01,TOKA,TOKA-030,2018-05-16,grassesAndForbs,HOVU,,
SMA-11-01,TOKA,TOKA-030,2018-05-16,grassesAndForbs,HYGL2,,
SMA-11-01,TOKA,TOKA-030,2018-05-16,grassesAndForbs,JUPA2,,
SMA-11-01,TOKA,TOKA-030,2018-05-16,grassesAndForbs,LOHU2,,
SMA-11-01,TOKA,TOKA-030,2018-05-16,grassesAndForbs,MAEX,,
SMA-11-01,TOKA,TOKA-030,2018-05-16,grassesAndForbs,MAFA3,,
SMA-11-01,TOKA,TOKA-030,2018-05-16,grassesAndForbs,NALE2,,
SMA-11-01,TOKA,TOKA-030,2018-05-16,grassesAndForbs,PHAQ,,
SMA-11-01,TOKA,TOKA-030,2018-05-16,shrubs,PSME,1,150
SMA-11-01,TOKA,TOKA-030,2018-05-16,trees,PSME,3,12
SMA-11-01,TOKA,TOKA-030,2018-05-16,grassesAndForbs,PSRA5,,
SMA-11-01,TOKA,TOKA-030,2018-05-16,grassesAndForbs,RUAC3,,
SMA-11-01,TOKA,TOKA-030,2018-05-16,grassesAndForbs,SCAR7,,
SMA-11-01,TOKA,TOKA-030,2018-05-16,grassesAndForbs,SIBE,,
SMA-11-01,TOKA,TOKA-030,2018-05-16,grassesAndForbs,SOAS,,
SMA-11-01,TOKA,TOKA-030,2018-05-16,grassesAndForbs,SYCH4,,
SMA-11-01,TOKA,TOKA-030,2018-05-16,shrubs,TODI,8,75
SMA-11-01,TOKA,TOKA-030,2018-05-16,grassesAndForbs,VISA,,
SMA-11-01,TOKA,TOKA-030,2018-05-16,grassesAndForbs,VIVI,,
SMA-11-01,TOKA,TOKA-034,2016-06-14,grassesAndForbs,AICA,,
SMA-11-01,TOKA,TOKA-034,2016-06-14,shrubs,ALRU2,20,
SMA-11-01,TOKA,TOKA-034,2016-06-14,shrubs,BAPI,2,
SMA-11-01,TOKA,TOKA-034,2016-06-14,grassesAndForbs,BRMI2,,
SMA-11-01,TOKA,TOKA-034,2016-06-14,grassesAndForbs,CAPU18,,
SMA-11-01,TOKA,TOKA-034,2016-06-14,grassesAndForbs,CIVU,,
SMA-11-01,TOKA,TOKA-034,2016-06-14,grassesAndForbs,COMA2,,
SMA-11-01,TOKA,TOKA-034,2016-06-14,shrubs,COSE16,15,
SMA-11-01,TOKA,TOKA-034,2016-06-14,grassesAndForbs,PIEC,,
SMA-11-01,TOKA,TOKA-034,2016-06-14,grassesAndForbs,RUPU3,,
SMA-11-01,TOKA,TOKA-034,2016-06-14,shrubs,RUUR,35,
SMA-11-01,TOKA,TOKA-034,2016-06-14,shrubs,SALIX,40,
SMA-11-01,TOKA,TOKA-034,2016-06-14,grassesAndForbs,SCAR7,,
SMA-11-01,TOKA,TOKA-034,2016-06-14,grassesAndForbs,STACH,,
SMA-11-01,TOKA,TOKA-034,2016-06-14,grassesAndForbs,SYCHC,,
SMA-11-01,TOKA,TOKA-034,2016-06-14,shrubs,TODI,2,
SMA-11-01,TOKA,TOKA-034,2016-06-14,grassesAndForbs,TRAN6,,
SMA-11-01,TOKA,TOKA-034,2016-06-14,grassesAndForbs,TRIFO,,
SMA-11-01,TOKA,TOKA-034,2016-06-14,grassesAndForbs,VICIA,,
SMA-11-01,TOKA,TOKA-034,2018-04-23,grassesAndForbs,RUMEX,,
SMA-11-01,TOKA,TOKA-034,2018-04-23,grassesAndForbs,ALPR3,,
SMA-11-01,TOKA,TOKA-034,2018-04-23,trees,ALRU2,20,16
SMA-11-01,TOKA,TOKA-034,2018-04-23,grassesAndForbs,AVBA,,
SMA-11-01,TOKA,TOKA-034,2018-04-23,shrubs,BAPI,2,150
SMA-11-01,TOKA,TOKA-034,2018-04-23,grassesAndForbs,BRASS2,,
SMA-11-01,TOKA,TOKA-034,2018-04-23,grassesAndForbs,BRCA6,,
SMA-11-01,TOKA,TOKA-034,2018-04-23,grassesAndForbs,BRDI3,,
SMA-11-01,TOKA,TOKA-034,2018-04-23,grassesAndForbs,BRHO2,,
SMA-11-01,TOKA,TOKA-034,2018-04-23,grassesAndForbs,CIVU,,
SMA-11-01,TOKA,TOKA-034,2018-04-23,grassesAndForbs,COAR4,,
SMA-11-01,TOKA,TOKA-034,2018-04-23,grassesAndForbs,COMA2,,
SMA-11-01,TOKA,TOKA-034,2018-04-23,shrubs,COSE16,4,200
SMA-11-01,TOKA,TOKA-034,2018-04-23,grassesAndForbs,DRAR3,,
SMA-11-01,TOKA,TOKA-034,2018-04-23,grassesAndForbs,EQAR,,
SMA-11-01,TOKA,TOKA-034,2018-04-23,grassesAndForbs,GALIU,,
SMA-11-01,TOKA,TOKA-034,2018-04-23,grassesAndForbs,GEDI,,
SMA-11-01,TOKA,TOKA-034,2018-04-23,grassesAndForbs,HOMA2,,
SMA-11-01,TOKA,TOKA-034,2018-04-23,grassesAndForbs,HOMU,,
SMA-11-01,TOKA,TOKA-034,2018-04-23,grassesAndForbs,LIBI5,,
SMA-11-01,TOKA,TOKA-034,2018-04-23,shrubs,LOIN5,1,150
SMA-11-01,TOKA,TOKA-034,2018-04-23,grassesAndForbs,POAN,,
SMA-11-01,TOKA,TOKA-034,2018-04-23,trees,QUAG,2,15
SMA-11-01,TOKA,TOKA-034,2018-04-23,shrubs,RIBES,1,50
SMA-11-01,TOKA,TOKA-034,2018-04-23,grassesAndForbs,RUAC3,,
SMA-11-01,TOKA,TOKA-034,2018-04-23,shrubs,RUUR,20,100
SMA-11-01,TOKA,TOKA-034,2018-04-23,trees,SALIX,35,6
SMA-11-01,TOKA,TOKA-034,2018-04-23,trees,SARA2,2,3
SMA-11-01,TOKA,TOKA-034,2018-04-23,grassesAndForbs,SCCA2,,
SMA-11-01,TOKA,TOKA-034,2018-04-23,grassesAndForbs,SIBE,,
SMA-11-01,TOKA,TOKA-034,2018-04-23,grassesAndForbs,STACH,,
SMA-11-01,TOKA,TOKA-034,2018-04-23,grassesAndForbs,SYCH4,,
SMA-11-01,TOKA,TOKA-034,2018-04-23,shrubs,TODI,3,150
SMA-11-01,TOKA,TOKA-034,2018-04-23,grassesAndForbs,VISA,,
SMA-11-01,TOKA,TOKA-034,2018-04-23,grassesAndForbs,VITE,,
SMA-11-01,TOKA,TOKA-041,2016-06-13,grassesAndForbs,JUNCU,0,
SMA-11-01,TOKA,TOKA-041,2016-06-13,grassesAndForbs,ACMI2,0,
SMA-11-01,TOKA,TOKA-041,2016-06-13,grassesAndForbs,ARDO3,0,
SMA-11-01,TOKA,TOKA-041,2016-06-13,grassesAndForbs,BETR,0,
SMA-11-01,TOKA,TOKA-041,2016-06-13,grassesAndForbs,CAPY2,0,
SMA-11-01,TOKA,TOKA-041,2016-06-13,grassesAndForbs,CETE9,0,
SMA-11-01,TOKA,TOKA-041,2016-06-13,grassesAndForbs,CIVU,0,
SMA-11-01,TOKA,TOKA-041,2016-06-13,grassesAndForbs,CLDO2,0,
SMA-11-01,TOKA,TOKA-041,2016-06-13,grassesAndForbs,COMA2,0,
SMA-11-01,TOKA,TOKA-041,2016-06-13,grassesAndForbs,CYEC,0,
SMA-11-01,TOKA,TOKA-041,2016-06-13,grassesAndForbs,LASE,0,
SMA-11-01,TOKA,TOKA-041,2016-06-13,grassesAndForbs,MASA,0,
SMA-11-01,TOKA,TOKA-041,2016-06-13,grassesAndForbs,MATRI,0,
SMA-11-01,TOKA,TOKA-041,2016-06-13,grassesAndForbs,PAVI3,0,
SMA-11-01,TOKA,TOKA-041,2016-06-13,grassesAndForbs,RUAC3,0,
SMA-11-01,TOKA,TOKA-041,2016-06-13,grassesAndForbs,RUPU3,0,
SMA-11-01,TOKA,TOKA-041,2016-06-13,grassesAndForbs,SIBE,0,
SMA-11-01,TOKA,TOKA-041,2016-06-13,grassesAndForbs,SYCH4,0,
SMA-11-01,TOKA,TOKA-041,2016-06-13,grassesAndForbs,TARAX,0,
SMA-11-01,TOKA,TOKA-041,2016-06-13,grassesAndForbs,TRDU2,0,
SMA-11-01,TOKA,TOKA-041,2016-06-13,grassesAndForbs,VELA,0,
SMA-11-01,TOKA,TOKA-041,2016-06-13,grassesAndForbs,VISA,0,
SMA-11-01,TOKA,TOKA-041,2018-04-20,grassesAndForbs,ACMI2,,
SMA-11-01,TOKA,TOKA-041,2018-04-20,grassesAndForbs,ARDO3,,
SMA-11-01,TOKA,TOKA-041,2018-04-20,shrubs,BAPI,18,100
SMA-11-01,TOKA,TOKA-041,2018-04-20,grassesAndForbs,BETR,,
SMA-11-01,TOKA,TOKA-041,2018-04-20,grassesAndForbs,CLDO2,,
SMA-11-01,TOKA,TOKA-041,2018-04-20,grassesAndForbs,DRAR3,,
SMA-11-01,TOKA,TOKA-041,2018-04-20,grassesAndForbs,ERODI,,
SMA-11-01,TOKA,TOKA-041,2018-04-20,grassesAndForbs,HOCA3,,
SMA-11-01,TOKA,TOKA-041,2018-04-20,grassesAndForbs,HYRA3,,
SMA-11-01,TOKA,TOKA-041,2018-04-20,shrubs,LOIN5,1,100
SMA-11-01,TOKA,TOKA-041,2018-04-20,grassesAndForbs,MAFA3,,
SMA-11-01,TOKA,TOKA-041,2018-04-20,grassesAndForbs,PSEUD43,,
SMA-11-01,TOKA,TOKA-041,2018-04-20,grassesAndForbs,PTAQ,,
SMA-11-01,TOKA,TOKA-041,2018-04-20,grassesAndForbs,RASA2,,
SMA-11-01,TOKA,TOKA-041,2018-04-20,grassesAndForbs,RUAC3,,
SMA-11-01,TOKA,TOKA-041,2018-04-20,grassesAndForbs,RUCR,,
SMA-11-01,TOKA,TOKA-041,2018-04-20,shrubs,RUUR,1,25
SMA-11-01,TOKA,TOKA-041,2018-04-20,shrubs,SARA2,2,100
SMA-11-01,TOKA,TOKA-041,2018-04-20,grassesAndForbs,SIBE,,
SMA-11-01,TOKA,TOKA-041,2018-04-20,grassesAndForbs,SOAS,,
SMA-11-01,TOKA,TOKA-041,2018-04-20,grassesAndForbs,STACH,,
SMA-11-01,TOKA,TOKA-041,2018-04-20,shrubs,SYAL,1,50
SMA-11-01,TOKA,TOKA-041,2018-04-20,grassesAndForbs,SYCH4,,
SMA-11-01,TOKA,TOKA-041,2018-04-20,shrubs,TODI,1,100
SMA-11-01,TOKA,TOKA-041,2018-04-20,grassesAndForbs,TRAN6,,
SMA-11-01,TOKA,TOKA-041,2018-04-20,grassesAndForbs,URDI,,
SMA-11-01,TOKA,TOKA-041,2018-04-20,grassesAndForbs,VELA,,
SMA-11-01,TOKA,TOKA-041,2018-04-20,grassesAndForbs,VIVI,,
SMA-11-01,TOKA,TOKA-055,2016-05-24,grassesAndForbs,ANAR,0,
SMA-11-01,TOKA,TOKA-055,2016-05-24,grassesAndForbs,ARDO3,0,
SMA-11-01,TOKA,TOKA-055,2016-05-24,shrubs,BAPI,35,
SMA-11-01,TOKA,TOKA-055,2016-05-24,grassesAndForbs,BRMI2,0,
SMA-11-01,TOKA,TOKA-055,2016-05-24,grassesAndForbs,CAPU18,0,
SMA-11-01,TOKA,TOKA-055,2016-05-24,grassesAndForbs,CIVU,0,
SMA-11-01,TOKA,TOKA-055,2016-05-24,grassesAndForbs,COMA2,0,
SMA-11-01,TOKA,TOKA-055,2016-05-24,grassesAndForbs,DAGL,0,
SMA-11-01,TOKA,TOKA-055,2016-05-24,grassesAndForbs,GEDI,0,
SMA-11-01,TOKA,TOKA-055,2016-05-24,grassesAndForbs,HEMA80,0,
SMA-11-01,TOKA,TOKA-055,2016-05-24,shrubs,HODI,1,
SMA-11-01,TOKA,TOKA-055,2016-05-24,grassesAndForbs,LIUS,0,
SMA-11-01,TOKA,TOKA-055,2016-05-24,grassesAndForbs,MAFA3,0,
SMA-11-01,TOKA,TOKA-055,2016-05-24,trees,QUAG,2,
SMA-11-01,TOKA,TOKA-055,2016-05-24,grassesAndForbs,RASA2,0,
SMA-11-01,TOKA,TOKA-055,2016-05-24,grassesAndForbs,RUPU3,0,
SMA-11-01,TOKA,TOKA-055,2016-05-24,shrubs,RUUR,1,
SMA-11-01,TOKA,TOKA-055,2016-05-24,shrubs,SARA2,1,
SMA-11-01,TOKA,TOKA-055,2016-05-24,grassesAndForbs,SCCA2,0,
SMA-11-01,TOKA,TOKA-055,2016-05-24,grassesAndForbs,SIBE,0,
SMA-11-01,TOKA,TOKA-055,2016-05-24,grassesAndForbs,SIMA3,0,
SMA-11-01,TOKA,TOKA-055,2016-05-24,grassesAndForbs,STACH,0,
SMA-11-01,TOKA,TOKA-055,2016-05-24,grassesAndForbs,SYCH4,0,
SMA-11-01,TOKA,TOKA-055,2016-05-24,shrubs,SYMPH,1,
SMA-11-01,TOKA,TOKA-055,2016-05-24,grassesAndForbs,TOAR,0,
SMA-11-01,TOKA,TOKA-055,2016-05-24,shrubs,TODI,2,
SMA-11-01,TOKA,TOKA-055,2016-05-24,grassesAndForbs,TRAN6,0,
SMA-11-01,TOKA,TOKA-055,2018-05-03,grassesAndForbs,RUMEX,,
SMA-11-01,TOKA,TOKA-055,2018-05-03,grassesAndForbs,AICA,,
SMA-11-01,TOKA,TOKA-055,2018-05-03,grassesAndForbs,ANAR,,
SMA-11-01,TOKA,TOKA-055,2018-05-03,shrubs,BAPI,30,175
SMA-11-01,TOKA,TOKA-055,2018-05-03,grassesAndForbs,BRDI3,,
SMA-11-01,TOKA,TOKA-055,2018-05-03,grassesAndForbs,BRMI2,,
SMA-11-01,TOKA,TOKA-055,2018-05-03,grassesAndForbs,CAPY2,,
SMA-11-01,TOKA,TOKA-055,2018-05-03,grassesAndForbs,COMA2,,
SMA-11-01,TOKA,TOKA-055,2018-05-03,grassesAndForbs,ERODI,,
SMA-11-01,TOKA,TOKA-055,2018-05-03,grassesAndForbs,ESCA2,,
SMA-11-01,TOKA,TOKA-055,2018-05-03,grassesAndForbs,MADI6,,
SMA-11-01,TOKA,TOKA-055,2018-05-03,grassesAndForbs,PLLA,,
SMA-11-01,TOKA,TOKA-055,2018-05-03,grassesAndForbs,PTAQ,,
SMA-11-01,TOKA,TOKA-055,2018-05-03,grassesAndForbs,RASA2,,
SMA-11-01,TOKA,TOKA-055,2018-05-03,shrubs,RUUR,1,25
SMA-11-01,TOKA,TOKA-055,2018-05-03,grassesAndForbs,SACR2,,
SMA-11-01,TOKA,TOKA-055,2018-05-03,grassesAndForbs,SIBE,,
SMA-11-01,TOKA,TOKA-055,2018-05-03,shrubs,TODI,1,25
SMA-11-01,TOKA,TOKA-055,2018-05-03,grassesAndForbs,TRAN6,,
SMA-11-01,TOKA,TOKA-057,2016-05-24,grassesAndForbs,ANAR,0,
SMA-11-01,TOKA,TOKA-057,2016-05-24,shrubs,BAPI,6,
SMA-11-01,TOKA,TOKA-057,2016-05-24,grassesAndForbs,BETR,0,
SMA-11-01,TOKA,TOKA-057,2016-05-24,grassesAndForbs,BRASS2,0,
SMA-11-01,TOKA,TOKA-057,2016-05-24,grassesAndForbs,BRHO2,0,
SMA-11-01,TOKA,TOKA-057,2016-05-24,grassesAndForbs,BRMI2,0,
SMA-11-01,TOKA,TOKA-057,2016-05-24,grassesAndForbs,CEME2,0,
SMA-11-01,TOKA,TOKA-057,2016-05-24,grassesAndForbs,COMA2,0,
SMA-11-01,TOKA,TOKA-057,2016-05-24,grassesAndForbs,ERCI6,0,
SMA-11-01,TOKA,TOKA-057,2016-05-24,grassesAndForbs,GALIU,0,
SMA-11-01,TOKA,TOKA-057,2016-05-24,grassesAndForbs,GEDI,0,
SMA-11-01,TOKA,TOKA-057,2016-05-24,grassesAndForbs,PAVI3,0,
SMA-11-01,TOKA,TOKA-057,2016-05-24,grassesAndForbs,PIEC,0,
SMA-11-01,TOKA,TOKA-057,2016-05-24,grassesAndForbs,PTAQ,0,
SMA-11-01,TOKA,TOKA-057,2016-05-24,grassesAndForbs,RASA2,0,
SMA-11-01,TOKA,TOKA-057,2016-05-24,grassesAndForbs,RUPU3,0,
SMA-11-01,TOKA,TOKA-057,2016-05-24,shrubs,RUUR,1,
SMA-11-01,TOKA,TOKA-057,2016-05-24,grassesAndForbs,SIBE,0,
SMA-11-01,TOKA,TOKA-057,2016-05-24,grassesAndForbs,SIGA,0,
SMA-11-01,TOKA,TOKA-057,2016-05-24,shrubs,TODI,2,
SMA-11-01,TOKA,TOKA-057,2016-05-24,grassesAndForbs,TRAN6,0,
SMA-11-01,TOKA,TOKA-057,2016-05-24,grassesAndForbs,TRDU2,0,
SMA-11-01,TOKA,TOKA-057,2016-05-24,grassesAndForbs,VISA,0,
SMA-11-01,TOKA,TOKA-057,2018-05-21,shrubs,BAPI,7,150
SMA-11-01,TOKA,TOKA-057,2018-05-21,grassesAndForbs,CLDO2,,
SMA-11-01,TOKA,TOKA-057,2018-05-21,grassesAndForbs,CRVET,,
SMA-11-01,TOKA,TOKA-057,2018-05-21,grassesAndForbs,HOMA2,,
SMA-11-01,TOKA,TOKA-057,2018-05-21,grassesAndForbs,HYRA3,,
SMA-11-01,TOKA,TOKA-057,2018-05-21,grassesAndForbs,MAFA3,,
SMA-11-01,TOKA,TOKA-057,2018-05-21,grassesAndForbs,PLLA,,
SMA-11-01,TOKA,TOKA-057,2018-05-21,grassesAndForbs,RASA2,,
SMA-11-01,TOKA,TOKA-057,2018-05-21,grassesAndForbs,RUAC3,,
SMA-11-01,TOKA,TOKA-057,2018-05-21,shrubs,RUUR,2,50
SMA-11-01,TOKA,TOKA-057,2018-05-21,shrubs,TODI,2,50
SMA-11-01,TOKA,TOKA-057,2018-05-21,grassesAndForbs,VELA,,
SMA-11-01,TOKA,TOKA-057,2021-06-25,grassesAndForbs,ANMA,,
SMA-11-01,TOKA,TOKA-057,2021-06-25,shrubs,BAPI,5,200
SMA-11-01,TOKA,TOKA-057,2021-06-25,grassesAndForbs,CENTA2,,
SMA-11-01,TOKA,TOKA-057,2021-06-25,grassesAndForbs,COAR4,,
SMA-11-01,TOKA,TOKA-057,2021-06-25,grassesAndForbs,COMA2,,
SMA-11-01,TOKA,TOKA-057,2021-06-25,grassesAndForbs,HYRA3,,
SMA-11-01,TOKA,TOKA-057,2021-06-25,grassesAndForbs,LOCO6,,
SMA-11-01,TOKA,TOKA-057,2021-06-25,grassesAndForbs,MASA,,
SMA-11-01,TOKA,TOKA-057,2021-06-25,grassesAndForbs,PIEC,,
SMA-11-01,TOKA,TOKA-057,2021-06-25,grassesAndForbs,PTAQ,,
SMA-11-01,TOKA,TOKA-057,2021-06-25,grassesAndForbs,RASA2,,
SMA-11-01,TOKA,TOKA-057,2021-06-25,shrubs,RUUR,2,50
SMA-11-01,TOKA,TOKA-057,2021-06-25,grassesAndForbs,SIBE,,
SMA-11-01,TOKA,TOKA-057,2021-06-25,grassesAndForbs,SONCH,,
SMA-11-01,TOKA,TOKA-057,2021-06-25,shrubs,TODI,2,125
SMA-11-01,TOKA,TOKA-057,2021-06-25,grassesAndForbs,TRAN6,,
SMA-11-01,TOKA,TOKA-057,2021-06-25,grassesAndForbs,TRIFO,,
SMA-11-01,TOKA,TOKA-057,2021-06-25,grassesAndForbs,VERBE,,
SMA-11-01,TOKA,TOKA-060,2016-05-27,grassesAndForbs,AGROS2,0,
SMA-11-01,TOKA,TOKA-060,2016-05-27,grassesAndForbs,ARDO3,0,
SMA-11-01,TOKA,TOKA-060,2016-05-27,shrubs,BAPI,27,
SMA-11-01,TOKA,TOKA-060,2016-05-27,grassesAndForbs,CAPY2,0,
SMA-11-01,TOKA,TOKA-060,2016-05-27,grassesAndForbs,CIVU,0,
SMA-11-01,TOKA,TOKA-060,2016-05-27,grassesAndForbs,COMA2,0,
SMA-11-01,TOKA,TOKA-060,2016-05-27,shrubs,FRCA12,1,
SMA-11-01,TOKA,TOKA-060,2016-05-27,grassesAndForbs,MASA,0,
SMA-11-01,TOKA,TOKA-060,2016-05-27,shrubs,MIVIV,1,
SMA-11-01,TOKA,TOKA-060,2016-05-27,trees,PSME,5,
SMA-11-01,TOKA,TOKA-060,2016-05-27,trees,QUAG,1,
SMA-11-01,TOKA,TOKA-060,2016-05-27,grassesAndForbs,RUAC3,0,
SMA-11-01,TOKA,TOKA-060,2016-05-27,grassesAndForbs,RUPU3,0,
SMA-11-01,TOKA,TOKA-060,2016-05-27,shrubs,RUUR,10,
SMA-11-01,TOKA,TOKA-060,2016-05-27,grassesAndForbs,SONCH,0,
SMA-11-01,TOKA,TOKA-060,2016-05-27,shrubs,TODI,25,
SMA-11-01,TOKA,TOKA-060,2016-05-27,grassesAndForbs,TRDU2,0,
SMA-11-01,TOKA,TOKA-060,2018-05-30,grassesAndForbs,ACMI2,,
SMA-11-01,TOKA,TOKA-060,2018-05-30,grassesAndForbs,ANAR,,
SMA-11-01,TOKA,TOKA-060,2018-05-30,shrubs,ARCA11,1,75
SMA-11-01,TOKA,TOKA-060,2018-05-30,grassesAndForbs,AVBA,,
SMA-11-01,TOKA,TOKA-060,2018-05-30,shrubs,BAPI,25,160
SMA-11-01,TOKA,TOKA-060,2018-05-30,shrubs,CETH,1,250
SMA-11-01,TOKA,TOKA-060,2018-05-30,grassesAndForbs,CIVU,,
SMA-11-01,TOKA,TOKA-060,2018-05-30,shrubs,DIAUA,2,75
SMA-11-01,TOKA,TOKA-060,2018-05-30,shrubs,ERST9,1,75
SMA-11-01,TOKA,TOKA-060,2018-05-30,grassesAndForbs,FOVU,,
SMA-11-01,TOKA,TOKA-060,2018-05-30,shrubs,FRCA12,1,25
SMA-11-01,TOKA,TOKA-060,2018-05-30,grassesAndForbs,GAAP2,,
SMA-11-01,TOKA,TOKA-060,2018-05-30,grassesAndForbs,NAPU4,,
SMA-11-01,TOKA,TOKA-060,2018-05-30,grassesAndForbs,PIEC,,
SMA-11-01,TOKA,TOKA-060,2018-05-30,grassesAndForbs,PLLA,,
SMA-11-01,TOKA,TOKA-060,2018-05-30,grassesAndForbs,PSEUD43,,
SMA-11-01,TOKA,TOKA-060,2018-05-30,trees,PSME,3,13
SMA-11-01,TOKA,TOKA-060,2018-05-30,shrubs,RUUR,3,50
SMA-11-01,TOKA,TOKA-060,2018-05-30,grassesAndForbs,SCCA2,,
SMA-11-01,TOKA,TOKA-060,2018-05-30,grassesAndForbs,SIBE,,
SMA-11-01,TOKA,TOKA-060,2018-05-30,grassesAndForbs,SIMA3,,
SMA-11-01,TOKA,TOKA-060,2018-05-30,grassesAndForbs,SOOL,,
SMA-11-01,TOKA,TOKA-060,2018-05-30,grassesAndForbs,SOUM,,
SMA-11-01,TOKA,TOKA-060,2018-05-30,shrubs,TODI,6,75
SMA-11-01,TOKA,TOKA-060,2018-05-30,grassesAndForbs,TRAN6,,
SMA-11-01,TOKA,TOKA-060,2018-05-30,trees,UMCA,1,6
SMA-11-01,TOKA,TOKA-060,2021-07-01,shrubs,ARCA11,1,75
SMA-11-01,TOKA,TOKA-060,2021-07-01,grassesAndForbs,AVENA,,
SMA-11-01,TOKA,TOKA-060,2021-07-01,shrubs,BAPI,25,125
SMA-11-01,TOKA,TOKA-060,2021-07-01,grassesAndForbs,BETR,,
SMA-11-01,TOKA,TOKA-060,2021-07-01,grassesAndForbs,CIVU,,
SMA-11-01,TOKA,TOKA-060,2021-07-01,grassesAndForbs,COAR4,,
SMA-11-01,TOKA,TOKA-060,2021-07-01,grassesAndForbs,COMA2,,
SMA-11-01,TOKA,TOKA-060,2021-07-01,shrubs,DIAU,2,45
SMA-11-01,TOKA,TOKA-060,2021-07-01,grassesAndForbs,FOVU,,
SMA-11-01,TOKA,TOKA-060,2021-07-01,shrubs,FRCA12,1,30
SMA-11-01,TOKA,TOKA-060,2021-07-01,shrubs,HODI,1,150
SMA-11-01,TOKA,TOKA-060,2021-07-01,trees,LANO80,1,6
SMA-11-01,TOKA,TOKA-060,2021-07-01,grassesAndForbs,MASA,,
SMA-11-01,TOKA,TOKA-060,2021-07-01,grassesAndForbs,PIEC,,
SMA-11-01,TOKA,TOKA-060,2021-07-01,grassesAndForbs,PSEUD43,,
SMA-11-01,TOKA,TOKA-060,2021-07-01,trees,PSME,5,16
SMA-11-01,TOKA,TOKA-060,2021-07-01,shrubs,RUUR,6,45
SMA-11-01,TOKA,TOKA-060,2021-07-01,grassesAndForbs,SONCH,,
SMA-11-01,TOKA,TOKA-060,2021-07-01,grassesAndForbs,SOUM,,
SMA-11-01,TOKA,TOKA-060,2021-07-01,grassesAndForbs,SYCH4,,
SMA-11-01,TOKA,TOKA-060,2021-07-01,shrubs,TODI,10,60
SMA-11-01,TOKA,TOKA-060,2021-07-01,grassesAndForbs,TRAN6,,
SMA-11-01,TOKA,TOKA-060,2021-07-01,grassesAndForbs,TRDU2,,
SMA-11-01,TOKA,TOKA-060,2021-07-01,grassesAndForbs,VIVI,,
SMA-11-01,TOKA,TOKA-061,2016-05-27,grassesAndForbs,ACMI2,0,
SMA-11-01,TOKA,TOKA-061,2016-05-27,grassesAndForbs,ANAR,0,
SMA-11-01,TOKA,TOKA-061,2016-05-27,shrubs,ARCA11,3,
SMA-11-01,TOKA,TOKA-061,2016-05-27,shrubs,BAPI,45,
SMA-11-01,TOKA,TOKA-061,2016-05-27,grassesAndForbs,BETR,0,
SMA-11-01,TOKA,TOKA-061,2016-05-27,grassesAndForbs,BRCA5,0,
SMA-11-01,TOKA,TOKA-061,2016-05-27,grassesAndForbs,BRMI2,0,
SMA-11-01,TOKA,TOKA-061,2016-05-27,grassesAndForbs,CAPY2,0,
SMA-11-01,TOKA,TOKA-061,2016-05-27,grassesAndForbs,CEME2,0,
SMA-11-01,TOKA,TOKA-061,2016-05-27,grassesAndForbs,CIVU,0,
SMA-11-01,TOKA,TOKA-061,2016-05-27,grassesAndForbs,CLARK,0,
SMA-11-01,TOKA,TOKA-061,2016-05-27,grassesAndForbs,CREPI,0,
SMA-11-01,TOKA,TOKA-061,2016-05-27,grassesAndForbs,DIFU2,0,
SMA-11-01,TOKA,TOKA-061,2016-05-27,grassesAndForbs,ERIOG,0,
SMA-11-01,TOKA,TOKA-061,2016-05-27,grassesAndForbs,LOGA2,0,
SMA-11-01,TOKA,TOKA-061,2016-05-27,shrubs,MIVIV,2,
SMA-11-01,TOKA,TOKA-061,2016-05-27,grassesAndForbs,PIEC,0,
SMA-11-01,TOKA,TOKA-061,2016-05-27,grassesAndForbs,PSCA13,0,
SMA-11-01,TOKA,TOKA-061,2016-05-27,shrubs,RUUR,10,
SMA-11-01,TOKA,TOKA-061,2016-05-27,grassesAndForbs,SACR2,0,
SMA-11-01,TOKA,TOKA-061,2016-05-27,grassesAndForbs,SCCA2,0,
SMA-11-01,TOKA,TOKA-061,2016-05-27,grassesAndForbs,STACH,0,
SMA-11-01,TOKA,TOKA-061,2016-05-27,grassesAndForbs,SYMO,0,
SMA-11-01,TOKA,TOKA-061,2016-05-27,shrubs,TODI,10,
SMA-11-01,TOKA,TOKA-061,2016-05-27,grassesAndForbs,TRDU2,0,
SMA-11-01,TOKA,TOKA-061,2016-05-27,grassesAndForbs,TRLA16,0,
SMA-11-01,TOKA,TOKA-061,2018-04-25,grassesAndForbs,ACMI2,,
SMA-11-01,TOKA,TOKA-061,2018-04-25,shrubs,ARCA11,3,50
SMA-11-01,TOKA,TOKA-061,2018-04-25,shrubs,BAPI,35,150
SMA-11-01,TOKA,TOKA-061,2018-04-25,grassesAndForbs,BRCA5,,
SMA-11-01,TOKA,TOKA-061,2018-04-25,grassesAndForbs,BRCA6,,
SMA-11-01,TOKA,TOKA-061,2018-04-25,grassesAndForbs,CAPU18,,
SMA-11-01,TOKA,TOKA-061,2018-04-25,grassesAndForbs,CEME2,,
SMA-11-01,TOKA,TOKA-061,2018-04-25,grassesAndForbs,DACA3,,
SMA-11-01,TOKA,TOKA-061,2018-04-25,shrubs,DIAU,3,100
SMA-11-01,TOKA,TOKA-061,2018-04-25,grassesAndForbs,DICA14,,
SMA-11-01,TOKA,TOKA-061,2018-04-25,grassesAndForbs,ERLA5,,
SMA-11-01,TOKA,TOKA-061,2018-04-25,grassesAndForbs,ESCA2,,
SMA-11-01,TOKA,TOKA-061,2018-04-25,shrubs,FRCA12,1,50
SMA-11-01,TOKA,TOKA-061,2018-04-25,grassesAndForbs,FRVE,,
SMA-11-01,TOKA,TOKA-061,2018-04-25,grassesAndForbs,HYGL2,,
SMA-11-01,TOKA,TOKA-061,2018-04-25,grassesAndForbs,JUPA2,,
SMA-11-01,TOKA,TOKA-061,2018-04-25,grassesAndForbs,LOHU2,,
SMA-11-01,TOKA,TOKA-061,2018-04-25,grassesAndForbs,MEIM,,
SMA-11-01,TOKA,TOKA-061,2018-04-25,grassesAndForbs,MEPU,,
SMA-11-01,TOKA,TOKA-061,2018-04-25,grassesAndForbs,MIBI,,
SMA-11-01,TOKA,TOKA-061,2018-04-25,grassesAndForbs,NALE2,,
SMA-11-01,TOKA,TOKA-061,2018-04-25,grassesAndForbs,PERID,,
SMA-11-01,TOKA,TOKA-061,2018-04-25,grassesAndForbs,PLER3,,
SMA-11-01,TOKA,TOKA-061,2018-04-25,grassesAndForbs,PSEUD43,,
SMA-11-01,TOKA,TOKA-061,2018-04-25,trees,PSME,2,8
SMA-11-01,TOKA,TOKA-061,2018-04-25,shrubs,RUUR,5,50
SMA-11-01,TOKA,TOKA-061,2018-04-25,grassesAndForbs,SCCA2,,
SMA-11-01,TOKA,TOKA-061,2018-04-25,grassesAndForbs,STRIQ2,,
SMA-11-01,TOKA,TOKA-061,2018-04-25,shrubs,TODI,2,100
SMA-11-01,TOKA,TOKA-061,2018-04-25,grassesAndForbs,TRDU2,,
SMA-11-01,TOKA,TOKA-061,2018-04-25,grassesAndForbs,TRHI4,,
SMA-11-01,TOKA,TOKA-061,2018-04-25,grassesAndForbs,VISA,,
SMA-11-01,TOKA,TOKA-061,2018-04-25,grassesAndForbs,VIVI,,
SMA-11-01,TOKA,TOKA-061,2018-04-25,grassesAndForbs,VUBR,,
SMA-11-01,TOKA,TOKA-064,2016-06-27,grassesAndForbs,ACMI2,0,
SMA-11-01,TOKA,TOKA-064,2016-06-27,shrubs,ALRU2,3,
SMA-11-01,TOKA,TOKA-064,2016-06-27,shrubs,BAPI,5,
SMA-11-01,TOKA,TOKA-064,2016-06-27,shrubs,CETH,1,
SMA-11-01,TOKA,TOKA-064,2016-06-27,grassesAndForbs,CIVU,0,
SMA-11-01,TOKA,TOKA-064,2016-06-27,grassesAndForbs,COMA2,0,
SMA-11-01,TOKA,TOKA-064,2016-06-27,grassesAndForbs,CYEC,0,
SMA-11-01,TOKA,TOKA-064,2016-06-27,grassesAndForbs,DAGL,0,
SMA-11-01,TOKA,TOKA-064,2016-06-27,grassesAndForbs,HEMA80,0,
SMA-11-01,TOKA,TOKA-064,2016-06-27,grassesAndForbs,HOLA,0,
SMA-11-01,TOKA,TOKA-064,2016-06-27,grassesAndForbs,MAFA3,0,
SMA-11-01,TOKA,TOKA-064,2016-06-27,grassesAndForbs,PSCA13,0,
SMA-11-01,TOKA,TOKA-064,2016-06-27,trees,PSME,2,
SMA-11-01,TOKA,TOKA-064,2016-06-27,grassesAndForbs,PTAQ,0,
SMA-11-01,TOKA,TOKA-064,2016-06-27,trees,QUAG,3,
SMA-11-01,TOKA,TOKA-064,2016-06-27,grassesAndForbs,RUAC3,0,
SMA-11-01,TOKA,TOKA-064,2016-06-27,shrubs,RUUR,8,
SMA-11-01,TOKA,TOKA-064,2016-06-27,grassesAndForbs,SABI2,0,
SMA-11-01,TOKA,TOKA-064,2016-06-27,shrubs,SARA2,4,
SMA-11-01,TOKA,TOKA-064,2016-06-27,grassesAndForbs,SCCA2,0,
SMA-11-01,TOKA,TOKA-064,2016-06-27,grassesAndForbs,STACH,0,
SMA-11-01,TOKA,TOKA-064,2016-06-27,shrubs,TODI,50,
SMA-11-01,TOKA,TOKA-064,2016-06-27,shrubs,UMCA,4,
SMA-11-01,TOKA,TOKA-064,2018-05-30,grassesAndForbs,ACMI2,,
SMA-11-01,TOKA,TOKA-064,2018-05-30,grassesAndForbs,AGGR,,
SMA-11-01,TOKA,TOKA-064,2018-05-30,trees,ALRU2,4,15
SMA-11-01,TOKA,TOKA-064,2018-05-30,grassesAndForbs,ARDO3,,
SMA-11-01,TOKA,TOKA-064,2018-05-30,trees,ARME,2,15
SMA-11-01,TOKA,TOKA-064,2018-05-30,shrubs,BAPI,3,150
SMA-11-01,TOKA,TOKA-064,2018-05-30,grassesAndForbs,BRCA5,,
SMA-11-01,TOKA,TOKA-064,2018-05-30,grassesAndForbs,BRHO2,,
SMA-11-01,TOKA,TOKA-064,2018-05-30,shrubs,CETH,4,200
SMA-11-01,TOKA,TOKA-064,2018-05-30,trees,CETH,1,5
SMA-11-01,TOKA,TOKA-064,2018-05-30,grassesAndForbs,CIBR2,,
SMA-11-01,TOKA,TOKA-064,2018-05-30,grassesAndForbs,DAGL,,
SMA-11-01,TOKA,TOKA-064,2018-05-30,grassesAndForbs,DAPU3,,
SMA-11-01,TOKA,TOKA-064,2018-05-30,grassesAndForbs,DRAR3,,
SMA-11-01,TOKA,TOKA-064,2018-05-30,grassesAndForbs,ESCA2,,
SMA-11-01,TOKA,TOKA-064,2018-05-30,grassesAndForbs,HEMA80,,
SMA-11-01,TOKA,TOKA-064,2018-05-30,grassesAndForbs,HOLA,,
SMA-11-01,TOKA,TOKA-064,2018-05-30,grassesAndForbs,LOHI2,,
SMA-11-01,TOKA,TOKA-064,2018-05-30,grassesAndForbs,PHMA2,,
SMA-11-01,TOKA,TOKA-064,2018-05-30,trees,PSME,8,30
SMA-11-01,TOKA,TOKA-064,2018-05-30,trees,QUAG,5,15
SMA-11-01,TOKA,TOKA-064,2018-05-30,shrubs,RIBES,1,75
SMA-11-01,TOKA,TOKA-064,2018-05-30,grassesAndForbs,RUCR,,
SMA-11-01,TOKA,TOKA-064,2018-05-30,shrubs,RUUR,20,75
SMA-11-01,TOKA,TOKA-064,2018-05-30,trees,SARA2,3,3
SMA-11-01,TOKA,TOKA-064,2018-05-30,grassesAndForbs,SCCA2,,
SMA-11-01,TOKA,TOKA-064,2018-05-30,shrubs,TODI,60,70
SMA-11-01,TOKA,TOKA-064,2018-05-30,grassesAndForbs,TRBO2,,
SMA-11-01,TOKA,TOKA-067,2016-06-15,grassesAndForbs,ACMI2,0,
SMA-11-01,TOKA,TOKA-067,2016-06-15,shrubs,BAPI,35,
SMA-11-01,TOKA,TOKA-067,2016-06-15,grassesAndForbs,BETR,0,
SMA-11-01,TOKA,TOKA-067,2016-06-15,grassesAndForbs,CAPY2,0,
SMA-11-01,TOKA,TOKA-067,2016-06-15,grassesAndForbs,CEME2,0,
SMA-11-01,TOKA,TOKA-067,2016-06-15,grassesAndForbs,CHPO3,0,
SMA-11-01,TOKA,TOKA-067,2016-06-15,grassesAndForbs,CIVU,0,
SMA-11-01,TOKA,TOKA-067,2016-06-15,grassesAndForbs,CLDO2,0,
SMA-11-01,TOKA,TOKA-067,2016-06-15,shrubs,FRCA12,1,
SMA-11-01,TOKA,TOKA-067,2016-06-15,grassesAndForbs,GALIU,0,
SMA-11-01,TOKA,TOKA-067,2016-06-15,grassesAndForbs,LASE,0,
SMA-11-01,TOKA,TOKA-067,2016-06-15,grassesAndForbs,LUPIN,0,
SMA-11-01,TOKA,TOKA-067,2016-06-15,grassesAndForbs,MASA,0,
SMA-11-01,TOKA,TOKA-067,2016-06-15,shrubs,MIVIV,1,
SMA-11-01,TOKA,TOKA-067,2016-06-15,grassesAndForbs,PHAQ,0,
SMA-11-01,TOKA,TOKA-067,2016-06-15,trees,PSME,1,
SMA-11-01,TOKA,TOKA-067,2016-06-15,shrubs,RUUR,15,
SMA-11-01,TOKA,TOKA-067,2016-06-15,grassesAndForbs,SABI2,0,
SMA-11-01,TOKA,TOKA-067,2016-06-15,grassesAndForbs,SIBE,0,
SMA-11-01,TOKA,TOKA-067,2016-06-15,grassesAndForbs,TOAR,0,
SMA-11-01,TOKA,TOKA-067,2016-06-15,shrubs,TODI,20,
SMA-11-01,TOKA,TOKA-067,2016-06-15,grassesAndForbs,TRAN6,0,
SMA-11-01,TOKA,TOKA-067,2016-06-15,grassesAndForbs,VITE,0,
SMA-11-01,TOKA,TOKA-067,2018-05-21,grassesAndForbs,ANAR,,
SMA-11-01,TOKA,TOKA-067,2018-05-21,grassesAndForbs,APAN,,
SMA-11-01,TOKA,TOKA-067,2018-05-21,grassesAndForbs,ARDO3,,
SMA-11-01,TOKA,TOKA-067,2018-05-21,shrubs,BAPI,30,100
SMA-11-01,TOKA,TOKA-067,2018-05-21,grassesAndForbs,BRCA5,,
SMA-11-01,TOKA,TOKA-067,2018-05-21,grassesAndForbs,BRDI3,,
SMA-11-01,TOKA,TOKA-067,2018-05-21,grassesAndForbs,BRHO2,,
SMA-11-01,TOKA,TOKA-067,2018-05-21,grassesAndForbs,CAPY2,,
SMA-11-01,TOKA,TOKA-067,2018-05-21,grassesAndForbs,CHPO3,,
SMA-11-01,TOKA,TOKA-067,2018-05-21,grassesAndForbs,CLDO2,,
SMA-11-01,TOKA,TOKA-067,2018-05-21,grassesAndForbs,DAGL,,
SMA-11-01,TOKA,TOKA-067,2018-05-21,grassesAndForbs,DAPU3,,
SMA-11-01,TOKA,TOKA-067,2018-05-21,shrubs,DIAUA,1,80
SMA-11-01,TOKA,TOKA-067,2018-05-21,shrubs,FRCA12,1,50
SMA-11-01,TOKA,TOKA-067,2018-05-21,grassesAndForbs,LUFO2,,
SMA-11-01,TOKA,TOKA-067,2018-05-21,grassesAndForbs,MAFA3,,
SMA-11-01,TOKA,TOKA-067,2018-05-21,grassesAndForbs,NAPU4,,
SMA-11-01,TOKA,TOKA-067,2018-05-21,grassesAndForbs,PHAQ,,
SMA-11-01,TOKA,TOKA-067,2018-05-21,grassesAndForbs,PSEUD43,,
SMA-11-01,TOKA,TOKA-067,2018-05-21,trees,PSME,5,5
SMA-11-01,TOKA,TOKA-067,2018-05-21,shrubs,RUUR,7,50
SMA-11-01,TOKA,TOKA-067,2018-05-21,grassesAndForbs,SACR2,,
SMA-11-01,TOKA,TOKA-067,2018-05-21,grassesAndForbs,SIBE,,
SMA-11-01,TOKA,TOKA-067,2018-05-21,grassesAndForbs,SOAS,,
SMA-11-01,TOKA,TOKA-067,2018-05-21,grassesAndForbs,SYCH4,,
SMA-11-01,TOKA,TOKA-067,2018-05-21,shrubs,TODI,10,75
SMA-11-01,TOKA,TOKA-067,2018-05-21,grassesAndForbs,TRAN6,,
SMA-11-01,TOKA,TOKA-067,2018-05-21,grassesAndForbs,TRDU2,,
SMA-11-01,TOKA,TOKA-067,2018-05-21,grassesAndForbs,VITE,,
SMA-11-01,TOKA,TOKA-068,2016-05-24,grassesAndForbs,RUMEX,0,
SMA-11-01,TOKA,TOKA-068,2016-05-24,grassesAndForbs,ANAR,0,
SMA-11-01,TOKA,TOKA-068,2016-05-24,shrubs,BAPI,2,
SMA-11-01,TOKA,TOKA-068,2016-05-24,grassesAndForbs,BETR,0,
SMA-11-01,TOKA,TOKA-068,2016-05-24,grassesAndForbs,BRMI2,0,
SMA-11-01,TOKA,TOKA-068,2016-05-24,grassesAndForbs,CAPY2,0,
SMA-11-01,TOKA,TOKA-068,2016-05-24,grassesAndForbs,COAR4,0,
SMA-11-01,TOKA,TOKA-068,2016-05-24,grassesAndForbs,EUPHO,0,
SMA-11-01,TOKA,TOKA-068,2016-05-24,grassesAndForbs,HOMA2,0,
SMA-11-01,TOKA,TOKA-068,2016-05-24,grassesAndForbs,HOMU,0,
SMA-11-01,TOKA,TOKA-068,2016-05-24,grassesAndForbs,MEDIC,0,
SMA-11-01,TOKA,TOKA-068,2016-05-24,grassesAndForbs,PHAQ,0,
SMA-11-01,TOKA,TOKA-068,2016-05-24,grassesAndForbs,RASA2,0,
SMA-11-01,TOKA,TOKA-068,2016-05-24,grassesAndForbs,RUAC3,0,
SMA-11-01,TOKA,TOKA-068,2016-05-24,grassesAndForbs,RUPU3,0,
SMA-11-01,TOKA,TOKA-068,2016-05-24,grassesAndForbs,SIBE,0,
SMA-11-01,TOKA,TOKA-068,2016-05-24,grassesAndForbs,SIGA,0,
SMA-11-01,TOKA,TOKA-068,2016-05-24,grassesAndForbs,TRAN6,0,
SMA-11-01,TOKA,TOKA-068,2016-05-24,grassesAndForbs,TRDU2,0,
SMA-11-01,TOKA,TOKA-068,2016-05-24,grassesAndForbs,VISA,0,
SMA-11-01,TOKA,TOKA-068,2016-05-24,grassesAndForbs,VITE,0,
SMA-11-01,TOKA,TOKA-068,2018-04-20,grassesAndForbs,ANAR,,
SMA-11-01,TOKA,TOKA-068,2018-04-20,shrubs,BAPI,2,50
SMA-11-01,TOKA,TOKA-068,2018-04-20,grassesAndForbs,BRCA5,,
SMA-11-01,TOKA,TOKA-068,2018-04-20,grassesAndForbs,CAOV4,,
SMA-11-01,TOKA,TOKA-068,2018-04-20,grassesAndForbs,COMA2,,
SMA-11-01,TOKA,TOKA-068,2018-04-20,grassesAndForbs,CRVET,,
SMA-11-01,TOKA,TOKA-068,2018-04-20,grassesAndForbs,HOBR2,,
SMA-11-01,TOKA,TOKA-068,2018-04-20,grassesAndForbs,HOMU,,
SMA-11-01,TOKA,TOKA-068,2018-04-20,grassesAndForbs,HYRA3,,
SMA-11-01,TOKA,TOKA-068,2018-04-20,grassesAndForbs,LIBI5,,
SMA-11-01,TOKA,TOKA-068,2018-04-20,grassesAndForbs,MAPA5,,
SMA-11-01,TOKA,TOKA-068,2018-04-20,grassesAndForbs,PIEC,,
SMA-11-01,TOKA,TOKA-068,2018-04-20,grassesAndForbs,RASA2,,
SMA-11-01,TOKA,TOKA-068,2018-04-20,grassesAndForbs,RUCR,,
SMA-11-01,TOKA,TOKA-068,2018-04-20,grassesAndForbs,SIMA3,,
SMA-11-01,TOKA,TOKA-068,2018-04-20,grassesAndForbs,SONCH,,
SMA-11-01,TOKA,TOKA-068,2018-04-20,grassesAndForbs,TRHI4,,
SMA-11-01,TOKA,TOKA-068,2018-04-20,grassesAndForbs,TRSU3,,
SMA-11-01,TOKA,TOKA-068,2018-04-20,grassesAndForbs,VIVI,,
SMA-11-01,TOKA,TOKA-068,2021-06-25,grassesAndForbs,JUNCU,,
SMA-11-01,TOKA,TOKA-068,2021-06-25,shrubs,BAPI,40,140
SMA-11-01,TOKA,TOKA-068,2021-06-25,grassesAndForbs,COAR4,,
SMA-11-01,TOKA,TOKA-068,2021-06-25,grassesAndForbs,DACA3,,
SMA-11-01,TOKA,TOKA-068,2021-06-25,grassesAndForbs,DAGL,,
SMA-11-01,TOKA,TOKA-068,2021-06-25,grassesAndForbs,ELGL,,
SMA-11-01,TOKA,TOKA-068,2021-06-25,grassesAndForbs,HOBR2,,
SMA-11-01,TOKA,TOKA-068,2021-06-25,grassesAndForbs,LIBI5,,
SMA-11-01,TOKA,TOKA-068,2021-06-25,grassesAndForbs,MEPO3,,
SMA-11-01,TOKA,TOKA-068,2021-06-25,grassesAndForbs,PIEC,,
SMA-11-01,TOKA,TOKA-068,2021-06-25,grassesAndForbs,TRAN6,,
SMA-11-01,TOKA,TOKA-068,2021-06-25,grassesAndForbs,TRTO4,,
SMA-11-01,TOKA,TOKA-068,2021-06-25,grassesAndForbs,VISA,,
SMA-11-01,TOKA,TOKA-080,2018-04-24,grassesAndForbs,ALPR3,,
SMA-11-01,TOKA,TOKA-080,2018-04-24,shrubs,BAPI,5,100
SMA-11-01,TOKA,TOKA-080,2018-04-24,grassesAndForbs,BRCA5,,
SMA-11-01,TOKA,TOKA-080,2018-04-24,grassesAndForbs,COAR4,,
SMA-11-01,TOKA,TOKA-080,2018-04-24,grassesAndForbs,CYEC,,
SMA-11-01,TOKA,TOKA-080,2018-04-24,grassesAndForbs,OXALP,,
SMA-11-01,TOKA,TOKA-080,2018-04-24,grassesAndForbs,PIEC,,
SMA-11-01,TOKA,TOKA-080,2018-04-24,grassesAndForbs,PSEUD43,,
SMA-11-01,TOKA,TOKA-080,2018-04-24,trees,PSME,3,18
SMA-11-01,TOKA,TOKA-080,2018-04-24,grassesAndForbs,PTAQ,,
SMA-11-01,TOKA,TOKA-080,2018-04-24,shrubs,RUUR,7,50
SMA-11-01,TOKA,TOKA-080,2018-04-24,grassesAndForbs,SIBE,,
SMA-11-01,TOKA,TOKA-080,2018-04-24,shrubs,TODI,1,25
SMA-11-01,TOKA,TOKA-080,2018-04-24,grassesAndForbs,TRAN6,,
SMA-11-01,TOKA,TOKA-080,2018-04-24,grassesAndForbs,WYHE,,
SMA-11-01,TOKA,TOKA-089,2016-06-16,grassesAndForbs,RUMEX,0,
SMA-11-01,TOKA,TOKA-089,2016-06-16,grassesAndForbs,ANAR,0,
SMA-11-01,TOKA,TOKA-089,2016-06-16,grassesAndForbs,ANCO2,0,
SMA-11-01,TOKA,TOKA-089,2016-06-16,shrubs,ARCA11,1,
SMA-11-01,TOKA,TOKA-089,2016-06-16,grassesAndForbs,ARDO3,0,
SMA-11-01,TOKA,TOKA-089,2016-06-16,shrubs,BAPI,35,
SMA-11-01,TOKA,TOKA-089,2016-06-16,grassesAndForbs,BRASS2,0,
SMA-11-01,TOKA,TOKA-089,2016-06-16,grassesAndForbs,BRDI2,0,
SMA-11-01,TOKA,TOKA-089,2016-06-16,grassesAndForbs,CAPY2,0,
SMA-11-01,TOKA,TOKA-089,2016-06-16,shrubs,CETH,2,
SMA-11-01,TOKA,TOKA-089,2016-06-16,grassesAndForbs,CIVU,0,
SMA-11-01,TOKA,TOKA-089,2016-06-16,grassesAndForbs,COMA2,0,
SMA-11-01,TOKA,TOKA-089,2016-06-16,grassesAndForbs,CYEC,0,
SMA-11-01,TOKA,TOKA-089,2016-06-16,grassesAndForbs,DAGL,0,
SMA-11-01,TOKA,TOKA-089,2016-06-16,grassesAndForbs,GEDI,0,
SMA-11-01,TOKA,TOKA-089,2016-06-16,shrubs,HODI,1,
SMA-11-01,TOKA,TOKA-089,2016-06-16,grassesAndForbs,LASE,0,
SMA-11-01,TOKA,TOKA-089,2016-06-16,grassesAndForbs,LIUS,0,
SMA-11-01,TOKA,TOKA-089,2016-06-16,grassesAndForbs,LOCO6,0,
SMA-11-01,TOKA,TOKA-089,2016-06-16,grassesAndForbs,MAFA3,0,
SMA-11-01,TOKA,TOKA-089,2016-06-16,shrubs,MIVIV,1,
SMA-11-01,TOKA,TOKA-089,2016-06-16,grassesAndForbs,PTAQ,0,
SMA-11-01,TOKA,TOKA-089,2016-06-16,shrubs,RUUR,37,
SMA-11-01,TOKA,TOKA-089,2016-06-16,shrubs,SARU,1,
SMA-11-01,TOKA,TOKA-089,2016-06-16,grassesAndForbs,SCCA2,0,
SMA-11-01,TOKA,TOKA-089,2016-06-16,grassesAndForbs,SOCA5,,
SMA-11-01,TOKA,TOKA-089,2016-06-16,grassesAndForbs,STACH,0,
SMA-11-01,TOKA,TOKA-089,2016-06-16,shrubs,TODI,50,
SMA-11-01,TOKA,TOKA-089,2016-06-16,grassesAndForbs,TRIFO,0,
SMA-11-01,TOKA,TOKA-089,2016-06-16,grassesAndForbs,VICIA,0,
SMA-11-01,TOKA,TOKA-089,2018-05-30,grassesAndForbs,ACMO2,,
SMA-11-01,TOKA,TOKA-089,2018-05-30,grassesAndForbs,ANAR,,
SMA-11-01,TOKA,TOKA-089,2018-05-30,grassesAndForbs,ANCO2,,
SMA-11-01,TOKA,TOKA-089,2018-05-30,shrubs,ARCA11,8,75
SMA-11-01,TOKA,TOKA-089,2018-05-30,shrubs,BAPI,30,100
SMA-11-01,TOKA,TOKA-089,2018-05-30,grassesAndForbs,BETR,,
SMA-11-01,TOKA,TOKA-089,2018-05-30,grassesAndForbs,BRCA5,,
SMA-11-01,TOKA,TOKA-089,2018-05-30,grassesAndForbs,BRNI,,
SMA-11-01,TOKA,TOKA-089,2018-05-30,grassesAndForbs,BRRA,,
SMA-11-01,TOKA,TOKA-089,2018-05-30,shrubs,CETH,7,300
SMA-11-01,TOKA,TOKA-089,2018-05-30,grassesAndForbs,CIVU,,
SMA-11-01,TOKA,TOKA-089,2018-05-30,shrubs,DIAU,3,75
SMA-11-01,TOKA,TOKA-089,2018-05-30,grassesAndForbs,DRAR3,,
SMA-11-01,TOKA,TOKA-089,2018-05-30,grassesAndForbs,ELGL,,
SMA-11-01,TOKA,TOKA-089,2018-05-30,grassesAndForbs,HEMA80,,
SMA-11-01,TOKA,TOKA-089,2018-05-30,shrubs,HODI,1,150
SMA-11-01,TOKA,TOKA-089,2018-05-30,grassesAndForbs,HYRA3,,
SMA-11-01,TOKA,TOKA-089,2018-05-30,grassesAndForbs,MAFA3,,
SMA-11-01,TOKA,TOKA-089,2018-05-30,grassesAndForbs,PHMA2,,
SMA-11-01,TOKA,TOKA-089,2018-05-30,grassesAndForbs,PIEC,,
SMA-11-01,TOKA,TOKA-089,2018-05-30,grassesAndForbs,PLLA,,
SMA-11-01,TOKA,TOKA-089,2018-05-30,grassesAndForbs,PSEUD43,,
SMA-11-01,TOKA,TOKA-089,2018-05-30,trees,QUAG,2,7
SMA-11-01,TOKA,TOKA-089,2018-05-30,grassesAndForbs,RUAC3,,
SMA-11-01,TOKA,TOKA-089,2018-05-30,grassesAndForbs,RUCR,,
SMA-11-01,TOKA,TOKA-089,2018-05-30,shrubs,RUUR,20,75
SMA-11-01,TOKA,TOKA-089,2018-05-30,grassesAndForbs,SACR2,,
SMA-11-01,TOKA,TOKA-089,2018-05-30,shrubs,SALIX,12,300
SMA-11-01,TOKA,TOKA-089,2018-05-30,shrubs,SARA2,1,200
SMA-11-01,TOKA,TOKA-089,2018-05-30,grassesAndForbs,SIMA3,,
SMA-11-01,TOKA,TOKA-089,2018-05-30,grassesAndForbs,SOUM,,
SMA-11-01,TOKA,TOKA-089,2018-05-30,grassesAndForbs,STRIQ2,,
SMA-11-01,TOKA,TOKA-089,2018-05-30,shrubs,TODI,30,100
SMA-11-01,TOKA,TOKA-089,2018-05-30,grassesAndForbs,TRDU2,,
SMA-11-01,TOKA,TOKA-089,2018-05-30,grassesAndForbs,TRHI4,,
SMA-11-01,TOKA,TOKA-089,2018-05-30,grassesAndForbs,TRSU3,,
SMA-11-01,TOKA,TOKA-089,2018-05-30,grassesAndForbs,URDI,,
SMA-11-01,TOKA,TOKA-089,2018-05-30,grassesAndForbs,VISA,,
SMA-11-01,TOKA,TOKA-089,2018-05-30,grassesAndForbs,VIVI,,
SMA-11-01,TOKA,TOKA-099,2016-05-23,grassesAndForbs,RUMEX,0,
SMA-11-01,TOKA,TOKA-099,2016-05-23,grassesAndForbs,AICA,0,
SMA-11-01,TOKA,TOKA-099,2016-05-23,grassesAndForbs,ANTO,0,
SMA-11-01,TOKA,TOKA-099,2016-05-23,shrubs,BAPI,12,
SMA-11-01,TOKA,TOKA-099,2016-05-23,grassesAndForbs,BETR,0,
SMA-11-01,TOKA,TOKA-099,2016-05-23,grassesAndForbs,BRASS2,0,
SMA-11-01,TOKA,TOKA-099,2016-05-23,grassesAndForbs,BRCA5,0,
SMA-11-01,TOKA,TOKA-099,2016-05-23,grassesAndForbs,CIVU,0,
SMA-11-01,TOKA,TOKA-099,2016-05-23,grassesAndForbs,COMA2,0,
SMA-11-01,TOKA,TOKA-099,2016-05-23,grassesAndForbs,DACA3,0,
SMA-11-01,TOKA,TOKA-099,2016-05-23,grassesAndForbs,ESCA2,0,
SMA-11-01,TOKA,TOKA-099,2016-05-23,grassesAndForbs,GEDI,0,
SMA-11-01,TOKA,TOKA-099,2016-05-23,grassesAndForbs,HOMA2,0,
SMA-11-01,TOKA,TOKA-099,2016-05-23,grassesAndForbs,MAFA3,0,
SMA-11-01,TOKA,TOKA-099,2016-05-23,grassesAndForbs,MEDIC,0,
SMA-11-01,TOKA,TOKA-099,2016-05-23,grassesAndForbs,PSEUD43,0,
SMA-11-01,TOKA,TOKA-099,2016-05-23,grassesAndForbs,PTAQ,0,
SMA-11-01,TOKA,TOKA-099,2016-05-23,shrubs,RUUR,1,
SMA-11-01,TOKA,TOKA-099,2016-05-23,grassesAndForbs,SCCA2,0,
SMA-11-01,TOKA,TOKA-099,2016-05-23,grassesAndForbs,SIBE,,
SMA-11-01,TOKA,TOKA-099,2016-05-23,grassesAndForbs,SIGA,0,
SMA-11-01,TOKA,TOKA-099,2016-05-23,grassesAndForbs,SIMA3,0,
SMA-11-01,TOKA,TOKA-099,2016-05-23,shrubs,TODI,2,
SMA-11-01,TOKA,TOKA-099,2016-05-23,grassesAndForbs,TRAN6,0,
SMA-11-01,TOKA,TOKA-099,2016-05-23,grassesAndForbs,TRHI4,0,
SMA-11-01,TOKA,TOKA-099,2016-05-23,grassesAndForbs,TRIFO,0,
SMA-11-01,TOKA,TOKA-099,2016-05-23,grassesAndForbs,VICIA,0,
SMA-11-01,TOKA,TOKA-099,2018-05-29,grassesAndForbs,ANAR,,
SMA-11-01,TOKA,TOKA-099,2018-05-29,shrubs,BAPI,10,150
SMA-11-01,TOKA,TOKA-099,2018-05-29,grassesAndForbs,BETR,,
SMA-11-01,TOKA,TOKA-099,2018-05-29,grassesAndForbs,BRCA5,,
SMA-11-01,TOKA,TOKA-099,2018-05-29,grassesAndForbs,BRNI,,
SMA-11-01,TOKA,TOKA-099,2018-05-29,grassesAndForbs,CAPU18,,
SMA-11-01,TOKA,TOKA-099,2018-05-29,grassesAndForbs,CIVU,,
SMA-11-01,TOKA,TOKA-099,2018-05-29,grassesAndForbs,COMA2,,
SMA-11-01,TOKA,TOKA-099,2018-05-29,grassesAndForbs,DAGL,,
SMA-11-01,TOKA,TOKA-099,2018-05-29,grassesAndForbs,ESCA2,,
SMA-11-01,TOKA,TOKA-099,2018-05-29,grassesAndForbs,HOMU,,
SMA-11-01,TOKA,TOKA-099,2018-05-29,grassesAndForbs,HYRA3,,
SMA-11-01,TOKA,TOKA-099,2018-05-29,grassesAndForbs,MAFA3,,
SMA-11-01,TOKA,TOKA-099,2018-05-29,trees,PSME,3,12
SMA-11-01,TOKA,TOKA-099,2018-05-29,shrubs,RUUR,3,75
SMA-11-01,TOKA,TOKA-099,2018-05-29,grassesAndForbs,SIMA3,,
SMA-11-01,TOKA,TOKA-099,2018-05-29,shrubs,TODI,2,50
SMA-11-01,TOKA,TOKA-099,2018-05-29,grassesAndForbs,VIVI,,
SMA-11-01,TOKA,TOKA-099,2021-06-30,grassesAndForbs,RUMEX,,
SMA-11-01,TOKA,TOKA-099,2021-06-30,grassesAndForbs,AICA,,
SMA-11-01,TOKA,TOKA-099,2021-06-30,grassesAndForbs,ANAR,,
SMA-11-01,TOKA,TOKA-099,2021-06-30,grassesAndForbs,ARDO3,,
SMA-11-01,TOKA,TOKA-099,2021-06-30,shrubs,BAPI,25,150
SMA-11-01,TOKA,TOKA-099,2021-06-30,grassesAndForbs,BETR,,
SMA-11-01,TOKA,TOKA-099,2021-06-30,grassesAndForbs,BRNI,,
SMA-11-01,TOKA,TOKA-099,2021-06-30,grassesAndForbs,CIVU,,
SMA-11-01,TOKA,TOKA-099,2021-06-30,grassesAndForbs,COMA2,,
SMA-11-01,TOKA,TOKA-099,2021-06-30,grassesAndForbs,DAGL,,
SMA-11-01,TOKA,TOKA-099,2021-06-30,shrubs,DIAU,1,50
SMA-11-01,TOKA,TOKA-099,2021-06-30,shrubs,FRCA12,1,180
SMA-11-01,TOKA,TOKA-099,2021-06-30,shrubs,HODI,1,200
SMA-11-01,TOKA,TOKA-099,2021-06-30,grassesAndForbs,HORDE,,
SMA-11-01,TOKA,TOKA-099,2021-06-30,grassesAndForbs,LOCO6,,
SMA-11-01,TOKA,TOKA-099,2021-06-30,grassesAndForbs,MAEX,,
SMA-11-01,TOKA,TOKA-099,2021-06-30,grassesAndForbs,MAFA3,,
SMA-11-01,TOKA,TOKA-099,2021-06-30,grassesAndForbs,MEPO3,,
SMA-11-01,TOKA,TOKA-099,2021-06-30,grassesAndForbs,NASQ,,
SMA-11-01,TOKA,TOKA-099,2021-06-30,trees,PSME,4,15
SMA-11-01,TOKA,TOKA-099,2021-06-30,grassesAndForbs,PTAQ,,
SMA-11-01,TOKA,TOKA-099,2021-06-30,shrubs,RUUR,3,40
SMA-11-01,TOKA,TOKA-099,2021-06-30,shrubs,SCCA2,1,140
SMA-11-01,TOKA,TOKA-099,2021-06-30,shrubs,TODI,2,50
SMA-11-01,TOKA,TOKA-099,2021-06-30,grassesAndForbs,VIHI,,
SMA-11-01,TOKA,TOKA-099,2021-06-30,grassesAndForbs,WYHE,,
SMA-11-01,TOKA,TOKA-104,2016-05-25,grassesAndForbs,RUMEX,0,
SMA-11-01,TOKA,TOKA-104,2016-05-25,grassesAndForbs,ANAR,0,
SMA-11-01,TOKA,TOKA-104,2016-05-25,shrubs,BAPI,8,
SMA-11-01,TOKA,TOKA-104,2016-05-25,grassesAndForbs,CIVU,0,
SMA-11-01,TOKA,TOKA-104,2016-05-25,grassesAndForbs,COAR4,0,
SMA-11-01,TOKA,TOKA-104,2016-05-25,grassesAndForbs,COMA2,0,
SMA-11-01,TOKA,TOKA-104,2016-05-25,grassesAndForbs,DAGL,0,
SMA-11-01,TOKA,TOKA-104,2016-05-25,grassesAndForbs,LOGA2,0,
SMA-11-01,TOKA,TOKA-104,2016-05-25,grassesAndForbs,PAVI3,0,
SMA-11-01,TOKA,TOKA-104,2016-05-25,grassesAndForbs,RUAC3,0,
SMA-11-01,TOKA,TOKA-104,2016-05-25,grassesAndForbs,RUPU3,0,
SMA-11-01,TOKA,TOKA-104,2016-05-25,shrubs,RUUR,1,
SMA-11-01,TOKA,TOKA-104,2016-05-25,trees,SALIX,12,
SMA-11-01,TOKA,TOKA-104,2016-05-25,grassesAndForbs,SIBE,0,
SMA-11-01,TOKA,TOKA-104,2016-05-25,shrubs,TODI,1,
SMA-11-01,TOKA,TOKA-104,2016-05-25,grassesAndForbs,TRAN6,0,
SMA-11-01,TOKA,TOKA-104,2016-05-25,grassesAndForbs,VIVI,0,
SMA-11-01,TOKA,TOKA-104,2018-05-14,grassesAndForbs,AVBA,,
SMA-11-01,TOKA,TOKA-104,2018-05-14,shrubs,BAPI,20,150
SMA-11-01,TOKA,TOKA-104,2018-05-14,grassesAndForbs,BASA4,,
SMA-11-01,TOKA,TOKA-104,2018-05-14,grassesAndForbs,BETR,,
SMA-11-01,TOKA,TOKA-104,2018-05-14,grassesAndForbs,BRCA6,,
SMA-11-01,TOKA,TOKA-104,2018-05-14,grassesAndForbs,BRMI2,,
SMA-11-01,TOKA,TOKA-104,2018-05-14,grassesAndForbs,CAOV4,,
SMA-11-01,TOKA,TOKA-104,2018-05-14,grassesAndForbs,CIVU,,
SMA-11-01,TOKA,TOKA-104,2018-05-14,grassesAndForbs,COMA2,,
SMA-11-01,TOKA,TOKA-104,2018-05-14,grassesAndForbs,CYER,,
SMA-11-01,TOKA,TOKA-104,2018-05-14,grassesAndForbs,JUBU,,
SMA-11-01,TOKA,TOKA-104,2018-05-14,grassesAndForbs,JUEF,,
SMA-11-01,TOKA,TOKA-104,2018-05-14,grassesAndForbs,JUOC2,,
SMA-11-01,TOKA,TOKA-104,2018-05-14,grassesAndForbs,LIBI5,,
SMA-11-01,TOKA,TOKA-104,2018-05-14,grassesAndForbs,MYDI,,
SMA-11-01,TOKA,TOKA-104,2018-05-14,trees,PIRA2,3,12
SMA-11-01,TOKA,TOKA-104,2018-05-14,grassesAndForbs,RUCR,,
SMA-11-01,TOKA,TOKA-104,2018-05-14,shrubs,RUUR,10,7
SMA-11-01,TOKA,TOKA-104,2018-05-14,trees,SALIX,15,6
SMA-11-01,TOKA,TOKA-104,2018-05-14,grassesAndForbs,SOAS,,
SMA-11-01,TOKA,TOKA-104,2018-05-14,grassesAndForbs,SYCH4,,
SMA-11-01,TOKA,TOKA-104,2018-05-14,shrubs,TODI,2,50
SMA-11-01,TOKA,TOKA-104,2018-05-14,grassesAndForbs,TRDU2,,
SMA-11-01,TOKA,TOKA-104,2018-05-14,grassesAndForbs,TRHI4,,
SMA-11-01,TOKA,TOKA-104,2018-05-14,grassesAndForbs,TRRE3,,
SMA-11-01,TOKA,TOKA-104,2018-05-14,grassesAndForbs,VISA,,
SMA-11-01,TOKA,TOKA-111,2016-05-25,grassesAndForbs,ACMI2,0,
SMA-11-01,TOKA,TOKA-111,2016-05-25,grassesAndForbs,ANAR,0,
SMA-11-01,TOKA,TOKA-111,2016-05-25,shrubs,BAPI,37,
SMA-11-01,TOKA,TOKA-111,2016-05-25,grassesAndForbs,CAPY2,0,
SMA-11-01,TOKA,TOKA-111,2016-05-25,grassesAndForbs,CIVU,0,
SMA-11-01,TOKA,TOKA-111,2016-05-25,grassesAndForbs,COMA2,0,
SMA-11-01,TOKA,TOKA-111,2016-05-25,grassesAndForbs,DACA3,0,
SMA-11-01,TOKA,TOKA-111,2016-05-25,grassesAndForbs,FRVE,0,
SMA-11-01,TOKA,TOKA-111,2016-05-25,grassesAndForbs,GEDI,0,
SMA-11-01,TOKA,TOKA-111,2016-05-25,grassesAndForbs,LOGA2,0,
SMA-11-01,TOKA,TOKA-111,2016-05-25,grassesAndForbs,LUPIN,0,
SMA-11-01,TOKA,TOKA-111,2016-05-25,grassesAndForbs,PAVI3,0,
SMA-11-01,TOKA,TOKA-111,2016-05-25,grassesAndForbs,RUAC3,0,
SMA-11-01,TOKA,TOKA-111,2016-05-25,shrubs,RUUR,15,
SMA-11-01,TOKA,TOKA-111,2016-05-25,grassesAndForbs,SIBE,0,
SMA-11-01,TOKA,TOKA-111,2016-05-25,grassesAndForbs,SYCH4,0,
SMA-11-01,TOKA,TOKA-111,2016-05-25,shrubs,TODI,5,
SMA-11-01,TOKA,TOKA-111,2016-05-25,grassesAndForbs,TRDU2,0,
SMA-11-01,TOKA,TOKA-111,2016-05-25,grassesAndForbs,VIVI,0,
SMA-11-01,TOKA,TOKA-111,2018-04-17,grassesAndForbs,ACMI2,,
SMA-11-01,TOKA,TOKA-111,2018-04-17,grassesAndForbs,ANAR,,
SMA-11-01,TOKA,TOKA-111,2018-04-17,shrubs,BAPI,18,100
SMA-11-01,TOKA,TOKA-111,2018-04-17,grassesAndForbs,BRCA5,,
SMA-11-01,TOKA,TOKA-111,2018-04-17,grassesAndForbs,CAOV4,,
SMA-11-01,TOKA,TOKA-111,2018-04-17,grassesAndForbs,CAPU18,,
SMA-11-01,TOKA,TOKA-111,2018-04-17,grassesAndForbs,CATU3,,
SMA-11-01,TOKA,TOKA-111,2018-04-17,grassesAndForbs,COMA2,,
SMA-11-01,TOKA,TOKA-111,2018-04-17,grassesAndForbs,COSE4,,
SMA-11-01,TOKA,TOKA-111,2018-04-17,grassesAndForbs,CYEC,,
SMA-11-01,TOKA,TOKA-111,2018-04-17,grassesAndForbs,DAGL,,
SMA-11-01,TOKA,TOKA-111,2018-04-17,grassesAndForbs,ERCI6,,
SMA-11-01,TOKA,TOKA-111,2018-04-17,grassesAndForbs,ESCA2,,
SMA-11-01,TOKA,TOKA-111,2018-04-17,grassesAndForbs,LOCO6,,
SMA-11-01,TOKA,TOKA-111,2018-04-17,grassesAndForbs,LOTUS,,
SMA-11-01,TOKA,TOKA-111,2018-04-17,grassesAndForbs,LUVE,,
SMA-11-01,TOKA,TOKA-111,2018-04-17,grassesAndForbs,MEPO3,,
SMA-11-01,TOKA,TOKA-111,2018-04-17,grassesAndForbs,OXALP,,
SMA-11-01,TOKA,TOKA-111,2018-04-17,trees,QUAG,1,30
SMA-11-01,TOKA,TOKA-111,2018-04-17,shrubs,RUUR,1,50
SMA-11-01,TOKA,TOKA-111,2018-04-17,grassesAndForbs,SCAR7,,
SMA-11-01,TOKA,TOKA-111,2018-04-17,grassesAndForbs,SIBE,,
SMA-11-01,TOKA,TOKA-111,2018-04-17,shrubs,TODI,1,75
SMA-11-01,TOKA,TOKA-111,2018-04-17,grassesAndForbs,TRSU3,,
SMA-11-01,TOKA,TOKA-111,2018-04-17,grassesAndForbs,VELA,,
SMA-11-01,TOKA,TOKA-111,2018-04-17,grassesAndForbs,VISA,,
SMA-11-01,TOKA,TOKA-111,2018-04-17,grassesAndForbs,VIVI,,
SMA-11-01,TOKA,TOKA-115,2016-05-25,shrubs,BAPI,55,
SMA-11-01,TOKA,TOKA-115,2016-05-25,grassesAndForbs,BETR,0,
SMA-11-01,TOKA,TOKA-115,2016-05-25,grassesAndForbs,BRCA5,0,
SMA-11-01,TOKA,TOKA-115,2016-05-25,grassesAndForbs,BRMA,0,
SMA-11-01,TOKA,TOKA-115,2016-05-25,grassesAndForbs,CETE9,0,
SMA-11-01,TOKA,TOKA-115,2016-05-25,grassesAndForbs,DACA3,0,
SMA-11-01,TOKA,TOKA-115,2016-05-25,grassesAndForbs,ELGL,0,
SMA-11-01,TOKA,TOKA-115,2016-05-25,shrubs,ERCO25,1,
SMA-11-01,TOKA,TOKA-115,2016-05-25,grassesAndForbs,ERODI,0,
SMA-11-01,TOKA,TOKA-115,2016-05-25,grassesAndForbs,ESCA2,0,
SMA-11-01,TOKA,TOKA-115,2016-05-25,shrubs,FRCA12,1,
SMA-11-01,TOKA,TOKA-115,2016-05-25,grassesAndForbs,FRVE,0,
SMA-11-01,TOKA,TOKA-115,2016-05-25,grassesAndForbs,GALIU,0,
SMA-11-01,TOKA,TOKA-115,2016-05-25,grassesAndForbs,GEDI,0,
SMA-11-01,TOKA,TOKA-115,2016-05-25,grassesAndForbs,HEMA80,0,
SMA-11-01,TOKA,TOKA-115,2016-05-25,grassesAndForbs,HOBR2,0,
SMA-11-01,TOKA,TOKA-115,2016-05-25,shrubs,HODI,1,
SMA-11-01,TOKA,TOKA-115,2016-05-25,grassesAndForbs,LOCO6,0,
SMA-11-01,TOKA,TOKA-115,2016-05-25,shrubs,MIVIV,2,
SMA-11-01,TOKA,TOKA-115,2016-05-25,grassesAndForbs,NAPU4,0,
SMA-11-01,TOKA,TOKA-115,2016-05-25,trees,PIRA2,1,
SMA-11-01,TOKA,TOKA-115,2016-05-25,grassesAndForbs,PSCA13,0,
SMA-11-01,TOKA,TOKA-115,2016-05-25,trees,PSME,7,
SMA-11-01,TOKA,TOKA-115,2016-05-25,grassesAndForbs,RUAC3,0,
SMA-11-01,TOKA,TOKA-115,2016-05-25,shrubs,RUUR,25,
SMA-11-01,TOKA,TOKA-115,2016-05-25,grassesAndForbs,SACR2,0,
SMA-11-01,TOKA,TOKA-115,2016-05-25,grassesAndForbs,SIBE,0,
SMA-11-01,TOKA,TOKA-115,2016-05-25,shrubs,TODI,35,
SMA-11-01,TOKA,TOKA-115,2016-05-25,grassesAndForbs,TRAN6,0,
SMA-11-01,TOKA,TOKA-115,2016-05-25,grassesAndForbs,TRHI4,0,
SMA-11-01,TOKA,TOKA-115,2018-06-01,grassesAndForbs,ANTO,,
SMA-11-01,TOKA,TOKA-115,2018-06-01,shrubs,BAPI,60,100
SMA-11-01,TOKA,TOKA-115,2018-06-01,grassesAndForbs,BETR,,
SMA-11-01,TOKA,TOKA-115,2018-06-01,grassesAndForbs,BRCA5,,
SMA-11-01,TOKA,TOKA-115,2018-06-01,grassesAndForbs,BRDI3,,
SMA-11-01,TOKA,TOKA-115,2018-06-01,grassesAndForbs,CIVU,,
SMA-11-01,TOKA,TOKA-115,2018-06-01,grassesAndForbs,COMA2,,
SMA-11-01,TOKA,TOKA-115,2018-06-01,grassesAndForbs,CRVET,,
SMA-11-01,TOKA,TOKA-115,2018-06-01,grassesAndForbs,DAGL,,
SMA-11-01,TOKA,TOKA-115,2018-06-01,shrubs,DIAUA,5,100
SMA-11-01,TOKA,TOKA-115,2018-06-01,grassesAndForbs,ELGL,,
SMA-11-01,TOKA,TOKA-115,2018-06-01,grassesAndForbs,ESCA2,,
SMA-11-01,TOKA,TOKA-115,2018-06-01,grassesAndForbs,FRVE,,
SMA-11-01,TOKA,TOKA-115,2018-06-01,grassesAndForbs,HEMA80,,
SMA-11-01,TOKA,TOKA-115,2018-06-01,grassesAndForbs,IRDO,,
SMA-11-01,TOKA,TOKA-115,2018-06-01,grassesAndForbs,LOCO6,,
SMA-11-01,TOKA,TOKA-115,2018-06-01,grassesAndForbs,LOPEM2,,
SMA-11-01,TOKA,TOKA-115,2018-06-01,grassesAndForbs,MAFA3,,
SMA-11-01,TOKA,TOKA-115,2018-06-01,grassesAndForbs,NAPU4,,
SMA-11-01,TOKA,TOKA-115,2018-06-01,grassesAndForbs,PHAQ,,
SMA-11-01,TOKA,TOKA-115,2018-06-01,trees,PIRA2,1,5
SMA-11-01,TOKA,TOKA-115,2018-06-01,grassesAndForbs,PSEUD43,,
SMA-11-01,TOKA,TOKA-115,2018-06-01,shrubs,PSME,1,200
SMA-11-01,TOKA,TOKA-115,2018-06-01,trees,PSME,4,7
SMA-11-01,TOKA,TOKA-115,2018-06-01,grassesAndForbs,PTAQ,,
SMA-11-01,TOKA,TOKA-115,2018-06-01,shrubs,RUUR,15,50
SMA-11-01,TOKA,TOKA-115,2018-06-01,grassesAndForbs,SACR2,,
SMA-11-01,TOKA,TOKA-115,2018-06-01,shrubs,TODI,8,50
SMA-11-01,TOKA,TOKA-115,2018-06-01,grassesAndForbs,TRAN6,,
SMA-11-01,TOKA,TOKA-115,2018-06-01,grassesAndForbs,URDI,,
SMA-11-01,TOKA,TOKA-115,2018-06-01,grassesAndForbs,VISA,,
SMA-11-01,TOKA,TOKA-115,2018-06-01,grassesAndForbs,WYHE,,
SMA-11-01,TOKA,TOKA-119,2016-06-15,grassesAndForbs,ACMI2,0,
SMA-11-01,TOKA,TOKA-119,2016-06-15,shrubs,BAPI,35,
SMA-11-01,TOKA,TOKA-119,2016-06-15,grassesAndForbs,BETR,0,
SMA-11-01,TOKA,TOKA-119,2016-06-15,grassesAndForbs,BRCA6,0,
SMA-11-01,TOKA,TOKA-119,2016-06-15,grassesAndForbs,BRMI2,0,
SMA-11-01,TOKA,TOKA-119,2016-06-15,grassesAndForbs,CETE9,0,
SMA-11-01,TOKA,TOKA-119,2016-06-15,grassesAndForbs,CIVU,0,
SMA-11-01,TOKA,TOKA-119,2016-06-15,grassesAndForbs,ELGL,0,
SMA-11-01,TOKA,TOKA-119,2016-06-15,shrubs,FRCA12,1,
SMA-11-01,TOKA,TOKA-119,2016-06-15,grassesAndForbs,GAPH2,0,
SMA-11-01,TOKA,TOKA-119,2016-06-15,grassesAndForbs,GEDI,0,
SMA-11-01,TOKA,TOKA-119,2016-06-15,grassesAndForbs,LIUS,0,
SMA-11-01,TOKA,TOKA-119,2016-06-15,grassesAndForbs,LOCO6,0,
SMA-11-01,TOKA,TOKA-119,2016-06-15,grassesAndForbs,MASA,0,
SMA-11-01,TOKA,TOKA-119,2016-06-15,shrubs,MIVIV,1,
SMA-11-01,TOKA,TOKA-119,2016-06-15,grassesAndForbs,PHAQ,0,
SMA-11-01,TOKA,TOKA-119,2016-06-15,trees,PSME,1,
SMA-11-01,TOKA,TOKA-119,2016-06-15,grassesAndForbs,RUAC3,0,
SMA-11-01,TOKA,TOKA-119,2016-06-15,grassesAndForbs,RUPU3,0,
SMA-11-01,TOKA,TOKA-119,2016-06-15,shrubs,RUUR,30,
SMA-11-01,TOKA,TOKA-119,2016-06-15,grassesAndForbs,SCCA2,0,
SMA-11-01,TOKA,TOKA-119,2016-06-15,grassesAndForbs,SIBE,0,
SMA-11-01,TOKA,TOKA-119,2016-06-15,grassesAndForbs,SIMA3,0,
SMA-11-01,TOKA,TOKA-119,2016-06-15,grassesAndForbs,SYCH4,0,
SMA-11-01,TOKA,TOKA-119,2016-06-15,shrubs,TODI,20,
SMA-11-01,TOKA,TOKA-119,2016-06-15,grassesAndForbs,VICIA,0,
SMA-11-01,TOKA,TOKA-119,2018-04-23,grassesAndForbs,RUMEX,,
SMA-11-01,TOKA,TOKA-119,2018-04-23,grassesAndForbs,ACMI2,,
SMA-11-01,TOKA,TOKA-119,2018-04-23,grassesAndForbs,AMBE3,,
SMA-11-01,TOKA,TOKA-119,2018-04-23,grassesAndForbs,ARDO3,,
SMA-11-01,TOKA,TOKA-119,2018-04-23,grassesAndForbs,AVBA,,
SMA-11-01,TOKA,TOKA-119,2018-04-23,shrubs,BAPI,35,150
SMA-11-01,TOKA,TOKA-119,2018-04-23,grassesAndForbs,BETR,,
SMA-11-01,TOKA,TOKA-119,2018-04-23,grassesAndForbs,BRCA6,,
SMA-11-01,TOKA,TOKA-119,2018-04-23,grassesAndForbs,BRHO2,,
SMA-11-01,TOKA,TOKA-119,2018-04-23,grassesAndForbs,BRRA,,
SMA-11-01,TOKA,TOKA-119,2018-04-23,grassesAndForbs,CAOV4,,
SMA-11-01,TOKA,TOKA-119,2018-04-23,grassesAndForbs,CIVU,,
SMA-11-01,TOKA,TOKA-119,2018-04-23,grassesAndForbs,COAR4,,
SMA-11-01,TOKA,TOKA-119,2018-04-23,grassesAndForbs,DACA3,,
SMA-11-01,TOKA,TOKA-119,2018-04-23,shrubs,DIAU,1,75
SMA-11-01,TOKA,TOKA-119,2018-04-23,grassesAndForbs,ESCA2,,
SMA-11-01,TOKA,TOKA-119,2018-04-23,grassesAndForbs,GAPH2,,
SMA-11-01,TOKA,TOKA-119,2018-04-23,grassesAndForbs,GEDI,,
SMA-11-01,TOKA,TOKA-119,2018-04-23,shrubs,HEMA22,1,100
SMA-11-01,TOKA,TOKA-119,2018-04-23,grassesAndForbs,HYRA3,,
SMA-11-01,TOKA,TOKA-119,2018-04-23,grassesAndForbs,JUPA2,,
SMA-11-01,TOKA,TOKA-119,2018-04-23,grassesAndForbs,LIBI5,,
SMA-11-01,TOKA,TOKA-119,2018-04-23,grassesAndForbs,LOCO6,,
SMA-11-01,TOKA,TOKA-119,2018-04-23,grassesAndForbs,LOPEM2,,
SMA-11-01,TOKA,TOKA-119,2018-04-23,grassesAndForbs,NALE2,,
SMA-11-01,TOKA,TOKA-119,2018-04-23,grassesAndForbs,PIEC,,
SMA-11-01,TOKA,TOKA-119,2018-04-23,trees,PIRA2,1,2
SMA-11-01,TOKA,TOKA-119,2018-04-23,grassesAndForbs,PLLA,,
SMA-11-01,TOKA,TOKA-119,2018-04-23,grassesAndForbs,PSEUD43,,
SMA-11-01,TOKA,TOKA-119,2018-04-23,trees,PSME,2,12
SMA-11-01,TOKA,TOKA-119,2018-04-23,grassesAndForbs,PSRA5,,
SMA-11-01,TOKA,TOKA-119,2018-04-23,shrubs,QUAG,1,50
SMA-11-01,TOKA,TOKA-119,2018-04-23,grassesAndForbs,RUAC3,,
SMA-11-01,TOKA,TOKA-119,2018-04-23,shrubs,RUUR,7,50
SMA-11-01,TOKA,TOKA-119,2018-04-23,grassesAndForbs,SCCA2,,
SMA-11-01,TOKA,TOKA-119,2018-04-23,grassesAndForbs,SIBE,,
SMA-11-01,TOKA,TOKA-119,2018-04-23,grassesAndForbs,SOAS,,
SMA-11-01,TOKA,TOKA-119,2018-04-23,grassesAndForbs,SYCH4,,
SMA-11-01,TOKA,TOKA-119,2018-04-23,shrubs,TODI,15,50
SMA-11-01,TOKA,TOKA-119,2018-04-23,grassesAndForbs,VITE,,
SMA-11-01,TOKA,TOKA-126,2016-06-14,grassesAndForbs,JUNCU,,
SMA-11-01,TOKA,TOKA-126,2016-06-14,grassesAndForbs,ANAR,,
SMA-11-01,TOKA,TOKA-126,2016-06-14,grassesAndForbs,ANCO2,,
SMA-11-01,TOKA,TOKA-126,2016-06-14,shrubs,BAPI,10,
SMA-11-01,TOKA,TOKA-126,2016-06-14,grassesAndForbs,BRASS2,,
SMA-11-01,TOKA,TOKA-126,2016-06-14,grassesAndForbs,BRDI3,,
SMA-11-01,TOKA,TOKA-126,2016-06-14,grassesAndForbs,CAPU18,,
SMA-11-01,TOKA,TOKA-126,2016-06-14,grassesAndForbs,CAPY2,,
SMA-11-01,TOKA,TOKA-126,2016-06-14,grassesAndForbs,CIVU,,
SMA-11-01,TOKA,TOKA-126,2016-06-14,grassesAndForbs,COAR4,,
SMA-11-01,TOKA,TOKA-126,2016-06-14,grassesAndForbs,COMA2,,
SMA-11-01,TOKA,TOKA-126,2016-06-14,grassesAndForbs,DAGL,,
SMA-11-01,TOKA,TOKA-126,2016-06-14,grassesAndForbs,ERODI,,
SMA-11-01,TOKA,TOKA-126,2016-06-14,grassesAndForbs,ESCA2,,
SMA-11-01,TOKA,TOKA-126,2016-06-14,grassesAndForbs,GEDI,,
SMA-11-01,TOKA,TOKA-126,2016-06-14,grassesAndForbs,LASE,,
SMA-11-01,TOKA,TOKA-126,2016-06-14,grassesAndForbs,LOCO6,,
SMA-11-01,TOKA,TOKA-126,2016-06-14,grassesAndForbs,MASA,,
SMA-11-01,TOKA,TOKA-126,2016-06-14,grassesAndForbs,PAVI3,,
SMA-11-01,TOKA,TOKA-126,2016-06-14,grassesAndForbs,PLLA,,
SMA-11-01,TOKA,TOKA-126,2016-06-14,shrubs,QUAG,1,
SMA-11-01,TOKA,TOKA-126,2016-06-14,grassesAndForbs,RUPU3,,
SMA-11-01,TOKA,TOKA-126,2016-06-14,shrubs,RUUR,5,
SMA-11-01,TOKA,TOKA-126,2016-06-14,grassesAndForbs,SIMA3,,
SMA-11-01,TOKA,TOKA-126,2016-06-14,grassesAndForbs,SYCH4,,
SMA-11-01,TOKA,TOKA-126,2016-06-14,grassesAndForbs,TARAX,,
SMA-11-01,TOKA,TOKA-126,2016-06-14,shrubs,TODI,3,
SMA-11-01,TOKA,TOKA-126,2016-06-14,grassesAndForbs,TRPU18,,
SMA-11-01,TOKA,TOKA-126,2016-06-14,grassesAndForbs,VELA,,
SMA-11-01,TOKA,TOKA-126,2016-06-14,grassesAndForbs,VICIA,,
SMA-11-01,TOKA,TOKA-126,2018-05-16,grassesAndForbs,RUMEX,,
SMA-11-01,TOKA,TOKA-126,2018-05-16,grassesAndForbs,ACMI2,,
SMA-11-01,TOKA,TOKA-126,2018-05-16,grassesAndForbs,ANAR,,
SMA-11-01,TOKA,TOKA-126,2018-05-16,grassesAndForbs,ANCO2,,
SMA-11-01,TOKA,TOKA-126,2018-05-16,shrubs,BAPI,5,150
SMA-11-01,TOKA,TOKA-126,2018-05-16,grassesAndForbs,BETR,,
SMA-11-01,TOKA,TOKA-126,2018-05-16,grassesAndForbs,CEME2,,
SMA-11-01,TOKA,TOKA-126,2018-05-16,grassesAndForbs,ERCI6,,
SMA-11-01,TOKA,TOKA-126,2018-05-16,grassesAndForbs,ERMO7,,
SMA-11-01,TOKA,TOKA-126,2018-05-16,grassesAndForbs,ESCA2,,
SMA-11-01,TOKA,TOKA-126,2018-05-16,grassesAndForbs,HOMA2,,
SMA-11-01,TOKA,TOKA-126,2018-05-16,grassesAndForbs,MADI6,,
SMA-11-01,TOKA,TOKA-126,2018-05-16,grassesAndForbs,MASA,,
SMA-11-01,TOKA,TOKA-126,2018-05-16,grassesAndForbs,MEPO3,,
SMA-11-01,TOKA,TOKA-126,2018-05-16,grassesAndForbs,PHAQ,,
SMA-11-01,TOKA,TOKA-126,2018-05-16,trees,QUAG,1,3
SMA-11-01,TOKA,TOKA-126,2018-05-16,grassesAndForbs,SHAR2,,
SMA-11-01,TOKA,TOKA-126,2018-05-16,grassesAndForbs,SIBE,,
SMA-11-01,TOKA,TOKA-126,2018-05-16,shrubs,TODI,2,75
SMA-11-01,TOKA,TOKA-126,2018-05-16,grassesAndForbs,TRAN6,,
SMA-11-01,TOKA,TOKA-126,2018-05-16,grassesAndForbs,TRDU2,,
SMA-11-01,TOKA,TOKA-126,2018-05-16,grassesAndForbs,TRSU3,,
SMA-11-01,TOKA,TOKA-126,2018-05-16,grassesAndForbs,VIVI,,
SMA-11-01,TOKA,TOKA-129,2016-05-24,grassesAndForbs,AGROS2,0,
SMA-11-01,TOKA,TOKA-129,2016-05-24,grassesAndForbs,AICA,0,
SMA-11-01,TOKA,TOKA-129,2016-05-24,shrubs,BAPI,1,
SMA-11-01,TOKA,TOKA-129,2016-05-24,grassesAndForbs,BRCA5,0,
SMA-11-01,TOKA,TOKA-129,2016-05-24,grassesAndForbs,CIVU,0,
SMA-11-01,TOKA,TOKA-129,2016-05-24,grassesAndForbs,COMA2,0,
SMA-11-01,TOKA,TOKA-129,2016-05-24,grassesAndForbs,DAGL,0,
SMA-11-01,TOKA,TOKA-129,2016-05-24,grassesAndForbs,GEDI,0,
SMA-11-01,TOKA,TOKA-129,2016-05-24,grassesAndForbs,IRDO,0,
SMA-11-01,TOKA,TOKA-129,2016-05-24,grassesAndForbs,LIUS,0,
SMA-11-01,TOKA,TOKA-129,2016-05-24,grassesAndForbs,PIEC,0,
SMA-11-01,TOKA,TOKA-129,2016-05-24,grassesAndForbs,PSCA13,0,
SMA-11-01,TOKA,TOKA-129,2016-05-24,grassesAndForbs,PTAQ,0,
SMA-11-01,TOKA,TOKA-129,2016-05-24,grassesAndForbs,RUAC3,0,
SMA-11-01,TOKA,TOKA-129,2016-05-24,grassesAndForbs,RUPU3,,
SMA-11-01,TOKA,TOKA-129,2016-05-24,shrubs,RUUR,6,
SMA-11-01,TOKA,TOKA-129,2016-05-24,grassesAndForbs,SIBE,0,
SMA-11-01,TOKA,TOKA-129,2016-05-24,shrubs,TODI,2,
SMA-11-01,TOKA,TOKA-129,2016-05-24,grassesAndForbs,TRAN6,0,
SMA-11-01,TOKA,TOKA-129,2016-05-24,grassesAndForbs,TRDU2,0,
SMA-11-01,TOKA,TOKA-129,2016-05-24,grassesAndForbs,TRIFO,0,
SMA-11-01,TOKA,TOKA-129,2016-05-24,grassesAndForbs,VELA,0,
SMA-11-01,TOKA,TOKA-129,2016-05-24,grassesAndForbs,VICIA,0,
SMA-11-01,TOKA,TOKA-129,2018-05-15,grassesAndForbs,AVBA,,
SMA-11-01,TOKA,TOKA-129,2018-05-15,grassesAndForbs,AVSA,,
SMA-11-01,TOKA,TOKA-129,2018-05-15,shrubs,BAPI,2,50
SMA-11-01,TOKA,TOKA-129,2018-05-15,grassesAndForbs,BRDI3,,
SMA-11-01,TOKA,TOKA-129,2018-05-15,grassesAndForbs,BRMI2,,
SMA-11-01,TOKA,TOKA-129,2018-05-15,grassesAndForbs,CASU4,,
SMA-11-01,TOKA,TOKA-129,2018-05-15,grassesAndForbs,CASU6,,
SMA-11-01,TOKA,TOKA-129,2018-05-15,grassesAndForbs,CYER,,
SMA-11-01,TOKA,TOKA-129,2018-05-15,grassesAndForbs,DACA3,,
SMA-11-01,TOKA,TOKA-129,2018-05-15,grassesAndForbs,EQAR,,
SMA-11-01,TOKA,TOKA-129,2018-05-15,grassesAndForbs,HOVU,,
SMA-11-01,TOKA,TOKA-129,2018-05-15,grassesAndForbs,RUAC3,,
SMA-11-01,TOKA,TOKA-129,2018-05-15,grassesAndForbs,RUCR,,
SMA-11-01,TOKA,TOKA-129,2018-05-15,shrubs,RUUR,5,50
SMA-11-01,TOKA,TOKA-129,2018-05-15,grassesAndForbs,SCMI2,,
SMA-11-01,TOKA,TOKA-129,2018-05-15,grassesAndForbs,SIBE,,
SMA-11-01,TOKA,TOKA-129,2018-05-15,grassesAndForbs,SOAS,,
SMA-11-01,TOKA,TOKA-129,2018-05-15,shrubs,TODI,3,75
SMA-11-01,TOKA,TOKA-129,2018-05-15,grassesAndForbs,TRAN6,,
SMA-11-01,TOKA,TOKA-129,2018-05-15,grassesAndForbs,TRDU2,,
SMA-11-01,TOKA,TOKA-129,2018-05-15,grassesAndForbs,VISA,,
SMA-11-01,TOKA,TOKA-129,2018-05-15,grassesAndForbs,VIVI,,
SMA-11-01,TOKA,TOKA-129,2018-05-15,grassesAndForbs,VUBR,,
SMA-11-01,TOKA,TOKA-129,2018-05-15,grassesAndForbs,WYHE,,
SMA-11-01,TOKA,TOKA-135,2016-06-27,grassesAndForbs,JUNCU,0,
SMA-11-01,TOKA,TOKA-135,2016-06-27,shrubs,BAPI,50,
SMA-11-01,TOKA,TOKA-135,2016-06-27,grassesAndForbs,BETR,0,
SMA-11-01,TOKA,TOKA-135,2016-06-27,grassesAndForbs,CEME2,0,
SMA-11-01,TOKA,TOKA-135,2016-06-27,grassesAndForbs,CETE9,0,
SMA-11-01,TOKA,TOKA-135,2016-06-27,grassesAndForbs,CIVU,0,
SMA-11-01,TOKA,TOKA-135,2016-06-27,grassesAndForbs,CLDO2,0,
SMA-11-01,TOKA,TOKA-135,2016-06-27,grassesAndForbs,COMA2,0,
SMA-11-01,TOKA,TOKA-135,2016-06-27,grassesAndForbs,COSE4,0,
SMA-11-01,TOKA,TOKA-135,2016-06-27,grassesAndForbs,DAGL,0,
SMA-11-01,TOKA,TOKA-135,2016-06-27,grassesAndForbs,ELGL,0,
SMA-11-01,TOKA,TOKA-135,2016-06-27,grassesAndForbs,ESCA2,0,
SMA-11-01,TOKA,TOKA-135,2016-06-27,grassesAndForbs,LOCO6,0,
SMA-11-01,TOKA,TOKA-135,2016-06-27,grassesAndForbs,MASA,0,
SMA-11-01,TOKA,TOKA-135,2016-06-27,shrubs,MIVIV,5,
SMA-11-01,TOKA,TOKA-135,2016-06-27,grassesAndForbs,PHAQ,0,
SMA-11-01,TOKA,TOKA-135,2016-06-27,grassesAndForbs,RUPU3,0,
SMA-11-01,TOKA,TOKA-135,2016-06-27,shrubs,RUUR,35,
SMA-11-01,TOKA,TOKA-135,2016-06-27,grassesAndForbs,SONCH,0,
SMA-11-01,TOKA,TOKA-135,2016-06-27,shrubs,TODI,45,
SMA-11-01,TOKA,TOKA-135,2016-06-27,grassesAndForbs,VELA,0,
SMA-11-01,TOKA,TOKA-135,2016-06-27,grassesAndForbs,VICIA,0,
SMA-11-01,TOKA,TOKA-135,2018-04-25,grassesAndForbs,RUMEX,,
SMA-11-01,TOKA,TOKA-135,2018-04-25,grassesAndForbs,ANAR,,
SMA-11-01,TOKA,TOKA-135,2018-04-25,shrubs,ARCA11,1,50
SMA-11-01,TOKA,TOKA-135,2018-04-25,shrubs,BAPI,60,200
SMA-11-01,TOKA,TOKA-135,2018-04-25,grassesAndForbs,BRDI3,,
SMA-11-01,TOKA,TOKA-135,2018-04-25,grassesAndForbs,CAPY2,,
SMA-11-01,TOKA,TOKA-135,2018-04-25,grassesAndForbs,COMA2,,
SMA-11-01,TOKA,TOKA-135,2018-04-25,grassesAndForbs,COSE4,,
SMA-11-01,TOKA,TOKA-135,2018-04-25,grassesAndForbs,CRVET,,
SMA-11-01,TOKA,TOKA-135,2018-04-25,grassesAndForbs,DACA3,,
SMA-11-01,TOKA,TOKA-135,2018-04-25,shrubs,DIAU,1,100
SMA-11-01,TOKA,TOKA-135,2018-04-25,grassesAndForbs,GEDI,,
SMA-11-01,TOKA,TOKA-135,2018-04-25,grassesAndForbs,JUPA2,,
SMA-11-01,TOKA,TOKA-135,2018-04-25,grassesAndForbs,LOCO6,,
SMA-11-01,TOKA,TOKA-135,2018-04-25,grassesAndForbs,LOHU2,,
SMA-11-01,TOKA,TOKA-135,2018-04-25,grassesAndForbs,MAFA3,,
SMA-11-01,TOKA,TOKA-135,2018-04-25,grassesAndForbs,OXALP,,
SMA-11-01,TOKA,TOKA-135,2018-04-25,grassesAndForbs,PHAQ,,
SMA-11-01,TOKA,TOKA-135,2018-04-25,grassesAndForbs,PSEUD43,,
SMA-11-01,TOKA,TOKA-135,2018-04-25,grassesAndForbs,PTAQ,,
SMA-11-01,TOKA,TOKA-135,2018-04-25,grassesAndForbs,RUAC3,,
SMA-11-01,TOKA,TOKA-135,2018-04-25,shrubs,RUUR,15,50
SMA-11-01,TOKA,TOKA-135,2018-04-25,grassesAndForbs,SCCA2,,
SMA-11-01,TOKA,TOKA-135,2018-04-25,grassesAndForbs,SIBE,,
SMA-11-01,TOKA,TOKA-135,2018-04-25,grassesAndForbs,SIMA3,,
SMA-11-01,TOKA,TOKA-135,2018-04-25,shrubs,TODI,25,200
SMA-11-01,TOKA,TOKA-135,2018-04-25,grassesAndForbs,TRAN6,,
SMA-11-01,TOKA,TOKA-135,2018-04-25,grassesAndForbs,TRDU2,,
SMA-11-01,TOKA,TOKA-135,2018-04-25,grassesAndForbs,VELA,,
SMA-11-01,TOKA,TOKA-135,2018-04-25,grassesAndForbs,VISA,,
SMA-11-01,TOKA,TOKA-137,2016-05-27,grassesAndForbs,AGROS2,0,
SMA-11-01,TOKA,TOKA-137,2016-05-27,grassesAndForbs,ARDO3,0,
SMA-11-01,TOKA,TOKA-137,2016-05-27,shrubs,BAPI,30,
SMA-11-01,TOKA,TOKA-137,2016-05-27,grassesAndForbs,BETR,0,
SMA-11-01,TOKA,TOKA-137,2016-05-27,grassesAndForbs,BRDI3,0,
SMA-11-01,TOKA,TOKA-137,2016-05-27,grassesAndForbs,CAPY2,0,
SMA-11-01,TOKA,TOKA-137,2016-05-27,grassesAndForbs,CETE9,0,
SMA-11-01,TOKA,TOKA-137,2016-05-27,grassesAndForbs,CIVU,0,
SMA-11-01,TOKA,TOKA-137,2016-05-27,grassesAndForbs,ELGL,0,
SMA-11-01,TOKA,TOKA-137,2016-05-27,grassesAndForbs,HEMA80,0,
SMA-11-01,TOKA,TOKA-137,2016-05-27,shrubs,HODI,1,
SMA-11-01,TOKA,TOKA-137,2016-05-27,shrubs,MIVIV,1,
SMA-11-01,TOKA,TOKA-137,2016-05-27,grassesAndForbs,PIEC,0,
SMA-11-01,TOKA,TOKA-137,2016-05-27,trees,PSME,18,
SMA-11-01,TOKA,TOKA-137,2016-05-27,shrubs,RUUR,4,
SMA-11-01,TOKA,TOKA-137,2016-05-27,grassesAndForbs,SACR2,0,
SMA-11-01,TOKA,TOKA-137,2016-05-27,grassesAndForbs,SIBE,0,
SMA-11-01,TOKA,TOKA-137,2016-05-27,grassesAndForbs,SIGA,0,
SMA-11-01,TOKA,TOKA-137,2016-05-27,grassesAndForbs,STACH,0,
SMA-11-01,TOKA,TOKA-137,2016-05-27,shrubs,TODI,4,
SMA-11-01,TOKA,TOKA-137,2016-05-27,grassesAndForbs,TRAN6,0,
SMA-11-01,TOKA,TOKA-137,2016-05-27,grassesAndForbs,VISA,0,
SMA-11-01,TOKA,TOKA-137,2016-05-27,grassesAndForbs,VIVI,0,
SMA-11-01,TOKA,TOKA-137,2018-04-25,grassesAndForbs,RUMEX,,
SMA-11-01,TOKA,TOKA-137,2018-04-25,shrubs,ACMA3,1,1
SMA-11-01,TOKA,TOKA-137,2018-04-25,grassesAndForbs,ACMI2,,
SMA-11-01,TOKA,TOKA-137,2018-04-25,grassesAndForbs,AICA,,
SMA-11-01,TOKA,TOKA-137,2018-04-25,grassesAndForbs,ARDO3,,
SMA-11-01,TOKA,TOKA-137,2018-04-25,shrubs,BAPI,20,100
SMA-11-01,TOKA,TOKA-137,2018-04-25,grassesAndForbs,COMA2,,
SMA-11-01,TOKA,TOKA-137,2018-04-25,grassesAndForbs,CRVET,,
SMA-11-01,TOKA,TOKA-137,2018-04-25,grassesAndForbs,CYEC,,
SMA-11-01,TOKA,TOKA-137,2018-04-25,shrubs,DIAUA,1,75
SMA-11-01,TOKA,TOKA-137,2018-04-25,grassesAndForbs,FRVE,,
SMA-11-01,TOKA,TOKA-137,2018-04-25,grassesAndForbs,GAPH2,,
SMA-11-01,TOKA,TOKA-137,2018-04-25,grassesAndForbs,HOCA3,,
SMA-11-01,TOKA,TOKA-137,2018-04-25,shrubs,HODI,1,1
SMA-11-01,TOKA,TOKA-137,2018-04-25,grassesAndForbs,JUEF,,
SMA-11-01,TOKA,TOKA-137,2018-04-25,grassesAndForbs,LEVU,,
SMA-11-01,TOKA,TOKA-137,2018-04-25,shrubs,OECE,1,1
SMA-11-01,TOKA,TOKA-137,2018-04-25,grassesAndForbs,POGLG4,,
SMA-11-01,TOKA,TOKA-137,2018-04-25,trees,PSME,12,9
SMA-11-01,TOKA,TOKA-137,2018-04-25,grassesAndForbs,PTAQ,,
SMA-11-01,TOKA,TOKA-137,2018-04-25,shrubs,RUUR,10,50
SMA-11-01,TOKA,TOKA-137,2018-04-25,grassesAndForbs,SCCA2,,
SMA-11-01,TOKA,TOKA-137,2018-04-25,grassesAndForbs,STRIQ2,,
SMA-11-01,TOKA,TOKA-137,2018-04-25,shrubs,TODI,5,50
SMA-11-01,TOKA,TOKA-137,2018-04-25,grassesAndForbs,TRTO4,,
SMA-11-01,TOKA,TOKA-137,2018-04-25,grassesAndForbs,VIAM,,
SMA-11-01,TOKA,TOKA-137,2018-04-25,grassesAndForbs,VISA,,
SMA-11-01,TOKA,TOKA-154,2016-06-13,grassesAndForbs,JUNCU,0,
SMA-11-01,TOKA,TOKA-154,2016-06-13,grassesAndForbs,ARDO3,0,
SMA-11-01,TOKA,TOKA-154,2016-06-13,grassesAndForbs,BRHO2,0,
SMA-11-01,TOKA,TOKA-154,2016-06-13,grassesAndForbs,CAPY2,0,
SMA-11-01,TOKA,TOKA-154,2016-06-13,grassesAndForbs,CETE9,0,
SMA-11-01,TOKA,TOKA-154,2016-06-13,shrubs,CETH,1,
SMA-11-01,TOKA,TOKA-154,2016-06-13,grassesAndForbs,CIVU,0,
SMA-11-01,TOKA,TOKA-154,2016-06-13,grassesAndForbs,COMA2,0,
SMA-11-01,TOKA,TOKA-154,2016-06-13,grassesAndForbs,ERODI,0,
SMA-11-01,TOKA,TOKA-154,2016-06-13,grassesAndForbs,MEPO3,0,
SMA-11-01,TOKA,TOKA-154,2016-06-13,grassesAndForbs,RASA2,0,
SMA-11-01,TOKA,TOKA-154,2016-06-13,grassesAndForbs,RUAC3,0,
SMA-11-01,TOKA,TOKA-154,2016-06-13,grassesAndForbs,RUPU3,0,
SMA-11-01,TOKA,TOKA-154,2016-06-13,shrubs,RUUR,30,
SMA-11-01,TOKA,TOKA-154,2016-06-13,grassesAndForbs,SIBE,0,
SMA-11-01,TOKA,TOKA-154,2016-06-13,grassesAndForbs,SIMA3,0,
SMA-11-01,TOKA,TOKA-154,2016-06-13,shrubs,TODI,35,
SMA-11-01,TOKA,TOKA-154,2016-06-13,grassesAndForbs,TRDU2,0,
SMA-11-01,TOKA,TOKA-154,2016-06-13,grassesAndForbs,VELA,0,
SMA-11-01,TOKA,TOKA-154,2018-05-21,grassesAndForbs,ANAR,,
SMA-11-01,TOKA,TOKA-154,2018-05-21,shrubs,ARCA11,1,50
SMA-11-01,TOKA,TOKA-154,2018-05-21,grassesAndForbs,ARDO3,,
SMA-11-01,TOKA,TOKA-154,2018-05-21,shrubs,BAPI,45,175
SMA-11-01,TOKA,TOKA-154,2018-05-21,grassesAndForbs,BRMI2,,
SMA-11-01,TOKA,TOKA-154,2018-05-21,shrubs,CEANO,3,200
SMA-11-01,TOKA,TOKA-154,2018-05-21,grassesAndForbs,CHPO3,,
SMA-11-01,TOKA,TOKA-154,2018-05-21,grassesAndForbs,CIVU,,
SMA-11-01,TOKA,TOKA-154,2018-05-21,grassesAndForbs,COMA2,,
SMA-11-01,TOKA,TOKA-154,2018-05-21,grassesAndForbs,CRVET,,
SMA-11-01,TOKA,TOKA-154,2018-05-21,grassesAndForbs,DAGL,,
SMA-11-01,TOKA,TOKA-154,2018-05-21,shrubs,HODI,2,75
SMA-11-01,TOKA,TOKA-154,2018-05-21,grassesAndForbs,HOMA2,,
SMA-11-01,TOKA,TOKA-154,2018-05-21,grassesAndForbs,HYRA3,,
SMA-11-01,TOKA,TOKA-154,2018-05-21,grassesAndForbs,LOCO6,,
SMA-11-01,TOKA,TOKA-154,2018-05-21,grassesAndForbs,MAFA3,,
SMA-11-01,TOKA,TOKA-154,2018-05-21,trees,PSME,1,3
SMA-11-01,TOKA,TOKA-154,2018-05-21,grassesAndForbs,RASA2,,
SMA-11-01,TOKA,TOKA-154,2018-05-21,grassesAndForbs,RUAC3,,
SMA-11-01,TOKA,TOKA-154,2018-05-21,shrubs,RUUR,25,100
SMA-11-01,TOKA,TOKA-154,2018-05-21,grassesAndForbs,SACR2,,
SMA-11-01,TOKA,TOKA-154,2018-05-21,trees,SALIX,2,8
SMA-11-01,TOKA,TOKA-154,2018-05-21,grassesAndForbs,SCAR7,,
SMA-11-01,TOKA,TOKA-154,2018-05-21,grassesAndForbs,SCCA2,,
SMA-11-01,TOKA,TOKA-154,2018-05-21,grassesAndForbs,SOAS,,
SMA-11-01,TOKA,TOKA-154,2018-05-21,grassesAndForbs,SOUM,,
SMA-11-01,TOKA,TOKA-154,2018-05-21,grassesAndForbs,STRIQ2,,
SMA-11-01,TOKA,TOKA-154,2018-05-21,grassesAndForbs,SYCH4,,
SMA-11-01,TOKA,TOKA-154,2018-05-21,shrubs,TODI,45,125
SMA-11-01,TOKA,TOKA-154,2018-05-21,grassesAndForbs,TRAN6,,
SMA-11-01,TOKA,TOKA-154,2018-05-21,grassesAndForbs,TRDU2,,
SMA-11-01,TOKA,TOKA-154,2018-05-21,grassesAndForbs,URDI,,
SMA-11-01,TOKA,TOKA-154,2018-05-21,grassesAndForbs,VISA,,
SMA-11-01,TOKA,TOKA-169,2016-06-16,grassesAndForbs,RUMEX,0,
SMA-11-01,TOKA,TOKA-169,2016-06-16,grassesAndForbs,AICA,0,
SMA-11-01,TOKA,TOKA-169,2016-06-16,grassesAndForbs,ANCO2,0,
SMA-11-01,TOKA,TOKA-169,2016-06-16,shrubs,BAPI,35,
SMA-11-01,TOKA,TOKA-169,2016-06-16,grassesAndForbs,BETR,0,
SMA-11-01,TOKA,TOKA-169,2016-06-16,grassesAndForbs,BRCA6,0,
SMA-11-01,TOKA,TOKA-169,2016-06-16,grassesAndForbs,BRMI2,0,
SMA-11-01,TOKA,TOKA-169,2016-06-16,grassesAndForbs,CETE9,0,
SMA-11-01,TOKA,TOKA-169,2016-06-16,grassesAndForbs,CIVU,0,
SMA-11-01,TOKA,TOKA-169,2016-06-16,grassesAndForbs,CYEC,0,
SMA-11-01,TOKA,TOKA-169,2016-06-16,grassesAndForbs,DAGL,0,
SMA-11-01,TOKA,TOKA-169,2016-06-16,grassesAndForbs,ERCO25,0,
SMA-11-01,TOKA,TOKA-169,2016-06-16,grassesAndForbs,ERODI,0,
SMA-11-01,TOKA,TOKA-169,2016-06-16,grassesAndForbs,ESCA2,0,
SMA-11-01,TOKA,TOKA-169,2016-06-16,grassesAndForbs,LOGA2,0,
SMA-11-01,TOKA,TOKA-169,2016-06-16,grassesAndForbs,MAFA3,0,
SMA-11-01,TOKA,TOKA-169,2016-06-16,grassesAndForbs,MASA,0,
SMA-11-01,TOKA,TOKA-169,2016-06-16,shrubs,MIVIV,1,
SMA-11-01,TOKA,TOKA-169,2016-06-16,grassesAndForbs,PSCA13,0,
SMA-11-01,TOKA,TOKA-169,2016-06-16,trees,PSME,2,
SMA-11-01,TOKA,TOKA-169,2016-06-16,grassesAndForbs,RASA2,0,
SMA-11-01,TOKA,TOKA-169,2016-06-16,grassesAndForbs,RUAC3,0,
SMA-11-01,TOKA,TOKA-169,2016-06-16,shrubs,RUUR,17,
SMA-11-01,TOKA,TOKA-169,2016-06-16,grassesAndForbs,SABI2,0,
SMA-11-01,TOKA,TOKA-169,2016-06-16,grassesAndForbs,TOAR,0,
SMA-11-01,TOKA,TOKA-169,2016-06-16,shrubs,TODI,2,
SMA-11-01,TOKA,TOKA-169,2016-06-16,grassesAndForbs,TRDU2,0,
SMA-11-01,TOKA,TOKA-169,2016-06-16,grassesAndForbs,VICIA,0,
SMA-11-01,TOKA,TOKA-169,2016-06-16,grassesAndForbs,WYGL,0,
SMA-11-01,TOKA,TOKA-169,2018-04-24,shrubs,BAPI,25,200
SMA-11-01,TOKA,TOKA-169,2018-04-24,grassesAndForbs,CAPY2,,
SMA-11-01,TOKA,TOKA-169,2018-04-24,grassesAndForbs,CEME2,,
SMA-11-01,TOKA,TOKA-169,2018-04-24,grassesAndForbs,CIVU,,
SMA-11-01,TOKA,TOKA-169,2018-04-24,grassesAndForbs,CRVET,,
SMA-11-01,TOKA,TOKA-169,2018-04-24,shrubs,DIAU,1,50
SMA-11-01,TOKA,TOKA-169,2018-04-24,grassesAndForbs,ERMO7,,
SMA-11-01,TOKA,TOKA-169,2018-04-24,shrubs,ERST9,1,75
SMA-11-01,TOKA,TOKA-169,2018-04-24,grassesAndForbs,FRVE,,
SMA-11-01,TOKA,TOKA-169,2018-04-24,grassesAndForbs,HECR2,,
SMA-11-01,TOKA,TOKA-169,2018-04-24,grassesAndForbs,HOMA2,,
SMA-11-01,TOKA,TOKA-169,2018-04-24,grassesAndForbs,LOHU2,,
SMA-11-01,TOKA,TOKA-169,2018-04-24,grassesAndForbs,LUBI,,
SMA-11-01,TOKA,TOKA-169,2018-04-24,grassesAndForbs,MAFA3,,
SMA-11-01,TOKA,TOKA-169,2018-04-24,trees,PSME,3,10
SMA-11-01,TOKA,TOKA-169,2018-04-24,shrubs,QUAG,1,100
SMA-11-01,TOKA,TOKA-169,2018-04-24,grassesAndForbs,RASA2,,
SMA-11-01,TOKA,TOKA-169,2018-04-24,shrubs,RUUR,15,100
SMA-11-01,TOKA,TOKA-169,2018-04-24,grassesAndForbs,SIBE,,
SMA-11-01,TOKA,TOKA-169,2018-04-24,grassesAndForbs,SIGA,,
SMA-11-01,TOKA,TOKA-169,2018-04-24,grassesAndForbs,SPAR,,
SMA-11-01,TOKA,TOKA-169,2018-04-24,grassesAndForbs,STRIQ2,,
SMA-11-01,TOKA,TOKA-169,2018-04-24,shrubs,TODI,3,100
SMA-11-01,TOKA,TOKA-169,2018-04-24,grassesAndForbs,TRAN6,,
SMA-11-01,TOKA,TOKA-169,2018-04-24,grassesAndForbs,TRDU2,,
SMA-11-01,TOKA,TOKA-169,2018-04-24,grassesAndForbs,TRGR2,,
SMA-11-01,TOKA,TOKA-169,2018-04-24,grassesAndForbs,VIVI,,
SMA-11-01,TOKA,TOKA-169,2018-04-24,grassesAndForbs,WYHE,,
SMA-11-01,TOKA,TOKA-169,2021-06-30,grassesAndForbs,ANAR,,
SMA-11-01,TOKA,TOKA-169,2021-06-30,grassesAndForbs,ANCO2,,
SMA-11-01,TOKA,TOKA-169,2021-06-30,grassesAndForbs,ANMA,,
SMA-11-01,TOKA,TOKA-169,2021-06-30,shrubs,BAPI,25,100
SMA-11-01,TOKA,TOKA-169,2021-06-30,grassesAndForbs,BETR,,
SMA-11-01,TOKA,TOKA-169,2021-06-30,grassesAndForbs,BRHO2,,
SMA-11-01,TOKA,TOKA-169,2021-06-30,grassesAndForbs,CEME2,,
SMA-11-01,TOKA,TOKA-169,2021-06-30,grassesAndForbs,CLDO2,,
SMA-11-01,TOKA,TOKA-169,2021-06-30,grassesAndForbs,COAR4,,
SMA-11-01,TOKA,TOKA-169,2021-06-30,grassesAndForbs,DAGL,,
SMA-11-01,TOKA,TOKA-169,2021-06-30,shrubs,DIAU,1,90
SMA-11-01,TOKA,TOKA-169,2021-06-30,shrubs,ERCO25,1,80
SMA-11-01,TOKA,TOKA-169,2021-06-30,grassesAndForbs,ERODI,,
SMA-11-01,TOKA,TOKA-169,2021-06-30,shrubs,FRCA12,1,45
SMA-11-01,TOKA,TOKA-169,2021-06-30,shrubs,HODI,1,75
SMA-11-01,TOKA,TOKA-169,2021-06-30,grassesAndForbs,HOLA,,
SMA-11-01,TOKA,TOKA-169,2021-06-30,grassesAndForbs,LOCO6,,
SMA-11-01,TOKA,TOKA-169,2021-06-30,shrubs,LOSC2,1,35
SMA-11-01,TOKA,TOKA-169,2021-06-30,grassesAndForbs,MASA,,
SMA-11-01,TOKA,TOKA-169,2021-06-30,grassesAndForbs,PHAQ,,
SMA-11-01,TOKA,TOKA-169,2021-06-30,shrubs,PSME,1,300
SMA-11-01,TOKA,TOKA-169,2021-06-30,trees,PSME,3,20
SMA-11-01,TOKA,TOKA-169,2021-06-30,grassesAndForbs,PTAQ,,
SMA-11-01,TOKA,TOKA-169,2021-06-30,grassesAndForbs,RASA2,,
SMA-11-01,TOKA,TOKA-169,2021-06-30,grassesAndForbs,RUAC3,,
SMA-11-01,TOKA,TOKA-169,2021-06-30,shrubs,RUUR,2,45
SMA-11-01,TOKA,TOKA-169,2021-06-30,shrubs,TODI,2,50
SMA-11-01,TOKA,TOKA-169,2021-06-30,grassesAndForbs,TRAN6,,
SMA-11-01,TOKA,TOKA-169,2021-06-30,grassesAndForbs,TRFR2,,
SMA-11-01,TOKA,TOKA-169,2021-06-30,grassesAndForbs,TRIFO,,
SMA-11-01,TOKA,TOKA-169,2021-06-30,grassesAndForbs,VIHI,,
SMA-11-01,TOKA,TOKA-170,2016-05-23,grassesAndForbs,JUNCU,0,
SMA-11-01,TOKA,TOKA-170,2016-05-23,grassesAndForbs,ANAR,0,
SMA-11-01,TOKA,TOKA-170,2016-05-23,grassesAndForbs,AVBA,0,
SMA-11-01,TOKA,TOKA-170,2016-05-23,shrubs,BAPI,14,
SMA-11-01,TOKA,TOKA-170,2016-05-23,grassesAndForbs,BETR,0,
SMA-11-01,TOKA,TOKA-170,2016-05-23,grassesAndForbs,BRHO2,0,
SMA-11-01,TOKA,TOKA-170,2016-05-23,grassesAndForbs,BRMI2,0,
SMA-11-01,TOKA,TOKA-170,2016-05-23,grassesAndForbs,CIVU,0,
SMA-11-01,TOKA,TOKA-170,2016-05-23,grassesAndForbs,COMA2,0,
SMA-11-01,TOKA,TOKA-170,2016-05-23,grassesAndForbs,GALIU,0,
SMA-11-01,TOKA,TOKA-170,2016-05-23,grassesAndForbs,LATI,0,
SMA-11-01,TOKA,TOKA-170,2016-05-23,grassesAndForbs,LOCO6,0,
SMA-11-01,TOKA,TOKA-170,2016-05-23,grassesAndForbs,MADI6,0,
SMA-11-01,TOKA,TOKA-170,2016-05-23,grassesAndForbs,MASA,0,
SMA-11-01,TOKA,TOKA-170,2016-05-23,shrubs,RUUR,1,
SMA-11-01,TOKA,TOKA-170,2016-05-23,grassesAndForbs,SIBE,0,
SMA-11-01,TOKA,TOKA-170,2016-05-23,shrubs,TODI,1,
SMA-11-01,TOKA,TOKA-170,2016-05-23,grassesAndForbs,TRAN6,0,
SMA-11-01,TOKA,TOKA-170,2016-05-23,grassesAndForbs,TRIFO,0,
SMA-11-01,TOKA,TOKA-170,2018-04-24,grassesAndForbs,ANAR,,
SMA-11-01,TOKA,TOKA-170,2018-04-24,grassesAndForbs,AVFA,,
SMA-11-01,TOKA,TOKA-170,2018-04-24,shrubs,BAPI,20,150
SMA-11-01,TOKA,TOKA-170,2018-04-24,grassesAndForbs,BETR,,
SMA-11-01,TOKA,TOKA-170,2018-04-24,grassesAndForbs,BRMI2,,
SMA-11-01,TOKA,TOKA-170,2018-04-24,grassesAndForbs,BROMU,,
SMA-11-01,TOKA,TOKA-170,2018-04-24,grassesAndForbs,CIVU,,
SMA-11-01,TOKA,TOKA-170,2018-04-24,grassesAndForbs,COCA5,,
SMA-11-01,TOKA,TOKA-170,2018-04-24,grassesAndForbs,CYEC,,
SMA-11-01,TOKA,TOKA-170,2018-04-24,grassesAndForbs,DAGL,,
SMA-11-01,TOKA,TOKA-170,2018-04-24,grassesAndForbs,GALIU,,
SMA-11-01,TOKA,TOKA-170,2018-04-24,grassesAndForbs,HECR2,,
SMA-11-01,TOKA,TOKA-170,2018-04-24,grassesAndForbs,LOCO6,,
SMA-11-01,TOKA,TOKA-170,2018-04-24,grassesAndForbs,LUFO2,,
SMA-11-01,TOKA,TOKA-170,2018-04-24,grassesAndForbs,LUPIN,,
SMA-11-01,TOKA,TOKA-170,2018-04-24,grassesAndForbs,RASA2,,
SMA-11-01,TOKA,TOKA-170,2018-04-24,shrubs,RUUR,5,50
SMA-11-01,TOKA,TOKA-170,2018-04-24,grassesAndForbs,SIBE,,
SMA-11-01,TOKA,TOKA-170,2018-04-24,grassesAndForbs,SIMA3,,
SMA-11-01,TOKA,TOKA-170,2018-04-24,grassesAndForbs,SOAS,,
SMA-11-01,TOKA,TOKA-170,2018-04-24,grassesAndForbs,STRIQ2,,
SMA-11-01,TOKA,TOKA-170,2018-04-24,shrubs,TODI,5,50
SMA-11-01,TOKA,TOKA-170,2018-04-24,grassesAndForbs,TRDU2,,
